s,SpecialistHourlyCapacity,SpecialistIsFullTime
1,75.0,
2,75.0,1.0
3,75.0,1.0
4,75.0,1.0
5,75.0,1.0
6,75.0,1.0
7,75.0,1.0
8,75.0,1.0
9,75.0,1.0
10,75.0,1.0
11,75.0,
12,75.0,1.0
13,75.0,1.0
14,75.0,
15,75.0,1.0
16,75.0,1.0
17,75.0,1.0
18,75.0,1.0
19,75.0,1.0
20,75.0,1.0
21,75.0,1.0
22,75.0,1.0
23,75.0,1.0
24,75.0,1.0
25,75.0,1.0
26,75.0,1.0
27,75.0,1.0
28,75.0,1.0
29,75.0,1.0
30,75.0,1.0
31,75.0,1.0
32,75.0,1.0
33,75.0,1.0
34,75.0,1.0
35,75.0,1.0
36,75.0,1.0
37,75.0,
38,75.0,1.0
39,75.0,1.0
40,75.0,1.0
41,75.0,
42,75.0,
43,75.0,
44,79.88,
45,75.0,
46,75.0,
47,75.0,
48,75.0,
49,75.0,
50,75.0,
51,75.0,
52,75.0,
53,75.0,
54,75.0,
55,75.0,
56,75.0,
57,75.0,
58,75.0,
59,75.0,
60,75.0,
61,75.0,
62,75.0,
63,75.0,
64,75.0,
65,75.0,
66,75.0,
67,75.0,
68,75.0,
69,75.0,
70,75.0,
71,75.0,
72,75.0,
73,75.0,
74,75.0,
75,75.0,
76,300.33,
77,75.0,
78,75.0,
79,75.0,
80,75.0,
81,75.0,
82,75.0,
83,75.0,
84,75.0,
85,75.0,
86,75.0,
87,75.0,
88,75.0,
89,75.0,
90,75.0,
91,75.0,
92,75.0,
93,75.0,
94,75.0,
95,95.88,
96,75.0,
97,75.0,
98,75.0,
99,75.0,
100,75.0,
101,75.0,
102,75.0,
103,75.0,
104,75.0,
105,75.0,
106,75.0,
107,75.0,
108,75.0,
109,110.12,
110,75.0,
111,242.41,
112,75.0,
113,75.0,
114,75.0,
115,75.0,
116,75.0,
117,75.0,
118,75.0,
119,75.0,
120,75.0,
121,75.0,
122,106.65,
123,75.0,
124,84.96,
125,75.0,
126,75.0,
127,75.0,
128,75.0,
129,75.0,
130,75.0,
131,75.0,
132,75.0,
133,75.0,
134,75.0,
135,75.0,
136,198.26,
137,75.0,
138,75.0,
139,75.0,
140,75.0,
141,268.53,
142,75.0,
143,75.0,
144,337.87,
145,75.0,
146,75.0,
147,75.0,
148,75.0,
149,75.0,
150,50.35,
151,75.0,
152,75.0,
153,75.0,
154,75.0,
155,75.0,
156,75.0,
157,75.0,1.0
158,75.0,1.0
159,348.01,1.0
160,75.0,1.0
161,75.0,1.0
162,75.0,1.0
163,421.42,1.0
164,75.0,1.0
165,75.0,1.0
166,75.0,1.0
167,121.55,1.0
168,75.0,1.0
169,75.0,1.0
170,102.51,1.0
171,75.0,1.0
172,75.0,1.0
173,75.0,1.0
174,75.0,1.0
175,75.0,1.0
176,213.33,1.0
177,75.0,1.0
178,75.0,1.0
179,75.0,1.0
180,75.0,1.0
181,75.0,1.0
182,75.0,1.0
183,75.0,1.0
184,75.0,1.0
185,75.0,1.0
186,75.0,1.0
187,75.0,1.0
188,75.0,1.0
189,75.0,1.0
190,75.0,1.0
191,75.0,1.0
192,75.0,1.0
193,75.0,1.0
194,75.0,1.0
195,75.0,1.0
196,99.92,
197,233.09,1.0
198,239.88,1.0
199,136.48,
200,70.95,
201,79.19,
202,222.43,
203,94.96,
204,146.36,
205,81.4,
206,148.95,
207,264.08,
208,152.74,
209,75.0,
210,106.99,
211,149.81,
212,116.53,
213,113.14,
214,72.56,
215,75.0,
216,72.25,
217,75.0,
218,143.83,
219,126.24,
220,87.51,
221,120.12,
222,75.0,
223,51.38,
224,286.56,
225,75.0,
226,80.34,
227,152.71,
228,96.13,
229,223.19,
230,106.18,
231,163.46,
232,250.0,
233,88.24,
234,151.75,
235,196.49,
236,209.34,1.0
237,99.82,
238,117.73,
239,82.37,
240,282.35,
241,179.25,
242,270.43,1.0
243,162.2,
244,75.0,
245,101.99,
246,135.39,
247,158.05,
248,63.19,
249,255.67,1.0
250,75.0,
251,289.66,
252,66.57,
253,89.04,
254,110.3,
255,75.0,
256,247.48,1.0
257,75.0,1.0
258,169.31,
259,189.4,
260,75.0,1.0
261,184.96,1.0
262,89.06,
263,226.65,1.0
264,75.0,1.0
265,115.85,
266,246.74,1.0
267,143.49,
268,316.5,
269,75.0,
270,197.42,1.0
271,119.11,
272,95.05,
273,79.04,
274,99.98,
275,56.58,
276,75.0,1.0
277,75.0,
278,140.28,
279,68.2,
280,111.49,
281,87.05,
282,75.0,
283,75.0,
284,61.56,
285,75.0,
286,197.47,1.0
287,268.64,1.0
288,75.0,1.0
289,118.64,
290,782.19,
291,106.36,
292,147.35,
293,75.0,
294,197.02,
295,115.87,
296,260.91,
297,105.09,
298,227.91,
299,242.96,1.0
300,754.16,
301,80.38,
302,202.31,
303,127.62,
304,75.0,
305,75.0,1.0
306,188.44,
307,274.69,
308,247.52,1.0
309,301.37,
310,75.0,
311,75.0,
312,75.0,
313,113.64,
314,82.87,
315,178.76,
316,74.73,
317,232.17,
318,138.93,
319,75.0,
320,105.09,
321,165.25,
322,88.55,
323,79.95,
324,57.45,
325,351.16,1.0
326,75.0,
327,235.71,
328,75.0,
329,168.98,
330,158.96,
331,78.0,
332,75.0,1.0
333,233.96,1.0
334,98.08,
335,166.11,
336,52.44,
337,167.33,
338,211.86,
339,133.98,
340,105.13,
341,127.19,
342,106.08,
343,784.63,
344,97.0,
345,164.19,
346,110.27,
347,469.57,
348,133.71,
349,75.0,
350,145.06,
351,75.0,
352,167.11,
353,198.25,1.0
354,88.45,
355,213.69,1.0
356,196.37,
357,108.6,
358,252.06,1.0
359,140.18,
360,89.79,
361,214.79,
362,75.0,
363,109.6,
364,75.0,
365,66.98,
366,86.92,
367,114.28,
368,114.2,
369,126.45,
370,110.28,
371,75.0,
372,106.56,
373,107.36,
374,75.0,
375,167.42,
376,75.0,
377,75.0,
378,111.78,
379,75.0,
380,226.87,1.0
381,126.01,
382,100.06,
383,75.0,
384,345.2,1.0
385,75.0,
386,266.55,
387,303.21,
388,135.78,
389,160.11,
390,139.22,
391,105.66,
392,98.57,
393,74.88,
394,102.78,
395,58.49,
396,75.02,
397,274.96,
398,187.11,
399,62.88,
400,75.0,1.0
401,149.35,
402,238.25,1.0
403,92.34,
404,88.51,
405,308.82,1.0
406,204.57,1.0
407,211.09,1.0
408,141.06,
409,75.0,
410,66.12,
411,222.85,
412,172.58,
413,178.73,1.0
414,282.17,1.0
415,113.95,
416,156.54,
417,265.14,1.0
418,166.17,
419,75.0,1.0
420,138.56,
421,118.39,
422,65.38,
423,77.04,
424,182.8,
425,231.14,
426,80.74,
427,139.14,
428,100.65,
429,266.11,1.0
430,119.15,
431,94.4,
432,296.9,1.0
433,84.06,
434,94.84,
435,97.54,
436,76.72,
437,138.61,
438,75.0,
439,89.94,
440,93.26,
441,234.93,
442,75.0,
443,169.6,
444,125.24,
445,294.68,1.0
446,132.12,
447,197.62,
448,119.83,
449,105.24,
450,51.38,
451,75.0,
452,78.43,
453,130.53,
454,75.0,1.0
455,132.52,
456,74.76,
457,75.0,
458,56.9,
459,75.0,
460,143.69,
461,223.68,1.0
462,130.91,
463,209.29,
464,128.69,
465,138.36,
466,199.17,1.0
467,217.89,
468,100.01,
469,75.0,1.0
470,93.02,
471,75.0,
472,126.15,
473,75.0,
474,64.95,
475,107.53,
476,73.6,
477,75.0,1.0
478,83.75,
479,75.0,
480,141.89,
481,128.51,
482,234.44,1.0
483,99.98,
484,144.19,
485,195.3,1.0
486,156.51,1.0
487,313.0,
488,225.91,1.0
489,250.0,
490,89.18,
491,179.12,1.0
492,224.73,
493,75.0,
494,199.36,
495,250.0,1.0
496,75.0,1.0
497,66.27,
498,95.3,
499,88.04,
500,71.04,
501,74.69,
502,135.03,
503,218.09,1.0
504,153.08,
505,201.79,1.0
506,395.64,
507,141.32,
508,75.0,1.0
509,159.59,
510,199.37,
511,56.2,
512,288.49,
513,127.95,
514,92.35,
515,55.75,
516,181.57,
517,96.11,
518,75.0,1.0
519,78.17,
520,75.0,
521,85.04,
522,69.99,
523,67.06,
524,107.6,
525,75.0,
526,139.11,
527,92.77,
528,75.0,
529,214.46,1.0
530,128.22,
531,338.8,1.0
532,231.2,
533,75.0,
534,113.53,
535,220.98,1.0
536,216.07,1.0
537,68.75,
538,93.89,
539,162.7,
540,188.02,
541,130.85,
542,79.74,
543,87.29,
544,75.0,
545,75.0,
546,75.0,
547,187.78,
548,80.16,
549,176.37,
550,129.22,
551,100.0,
552,184.1,
553,90.83,
554,140.16,
555,75.0,
556,130.1,
557,125.25,
558,189.96,
559,135.95,
560,75.0,
561,213.16,1.0
562,92.62,
563,204.83,
564,110.41,
565,78.88,
566,543.2,
567,158.38,1.0
568,185.45,1.0
569,199.99,1.0
570,137.62,
571,75.0,
572,106.6,
573,178.79,
574,103.57,
575,180.97,
576,111.89,
577,284.07,
578,114.95,
579,119.58,
580,94.71,
581,191.35,
582,103.45,
583,60.02,
584,177.25,1.0
585,95.88,
586,137.7,
587,156.4,
588,104.67,
589,112.82,
590,84.34,
591,148.13,
592,148.29,
593,116.77,
594,91.41,
595,215.58,
596,114.25,
597,75.0,1.0
598,75.0,
599,188.94,1.0
600,75.0,
601,329.1,1.0
602,153.74,
603,72.25,
604,75.0,
605,106.67,
606,108.89,
607,133.34,
608,75.0,
609,102.42,
610,109.69,
611,176.46,
612,95.02,
613,78.71,
614,101.61,
615,167.06,
616,508.24,
617,75.0,
618,75.0,
619,258.73,1.0
620,75.0,
621,189.13,
622,75.0,
623,124.98,
624,123.17,
625,89.17,
626,165.5,
627,108.44,
628,75.0,1.0
629,50.28,
630,117.4,
631,206.57,
632,79.62,
633,120.83,
634,132.34,
635,218.69,
636,83.36,
637,72.37,
638,81.03,
639,62.81,
640,87.19,
641,99.43,
642,75.0,
643,201.61,1.0
644,529.79,1.0
645,251.0,
646,78.44,
647,564.6,1.0
648,154.52,
649,417.61,
650,83.61,
651,100.39,
652,245.05,
653,155.76,
654,140.35,
655,75.0,
656,168.51,
657,86.36,
658,93.29,
659,75.0,1.0
660,154.98,
661,222.3,1.0
662,84.8,
663,113.07,
664,409.22,1.0
665,147.57,
666,125.63,
667,110.91,
668,95.73,
669,130.02,
670,250.0,
671,245.52,1.0
672,262.93,1.0
673,75.0,1.0
674,198.88,1.0
675,360.97,1.0
676,75.0,1.0
677,215.1,1.0
678,75.0,1.0
679,240.96,1.0
680,342.86,1.0
681,57.23,
682,93.75,
683,92.56,
684,164.35,
685,52.95,
686,113.11,
687,116.79,
688,125.31,
689,167.37,
690,165.18,
691,120.63,
692,107.44,
693,67.18,
694,128.29,
695,248.85,
696,250.0,
697,135.71,
698,75.0,
699,124.84,
700,170.35,1.0
701,258.39,
702,83.91,
703,75.0,1.0
704,223.87,1.0
705,203.54,
706,79.69,
707,148.93,
708,147.55,
709,126.8,
710,141.72,
711,67.89,
712,151.5,
713,81.02,
714,320.71,1.0
715,186.17,1.0
716,274.12,1.0
717,237.54,1.0
718,341.38,1.0
719,186.67,1.0
720,60.63,
721,208.8,1.0
722,118.98,
723,356.42,
724,59.75,
725,75.0,1.0
726,272.15,1.0
727,170.89,
728,155.58,
729,181.35,1.0
730,150.52,
731,150.65,
732,237.14,
733,117.74,
734,163.93,
735,166.41,
736,76.81,
737,109.97,
738,75.0,
739,75.0,1.0
740,90.69,
741,78.91,
742,131.22,
743,68.88,
744,244.74,1.0
745,75.0,
746,104.11,
747,228.75,
748,137.13,
749,147.97,
750,90.79,
751,140.06,
752,186.75,
753,58.32,
754,247.92,
755,170.06,
756,133.26,
757,169.82,
758,75.0,
759,146.15,
760,125.26,
761,153.08,
762,75.0,
763,99.44,
764,149.13,
765,534.86,
766,75.0,
767,75.0,
768,75.98,
769,136.76,
770,418.87,
771,75.0,
772,133.47,
773,95.36,
774,73.52,
775,174.63,
776,89.86,
777,229.79,
778,91.41,
779,90.37,
780,232.54,
781,199.38,1.0
782,75.0,1.0
783,132.66,
784,83.44,
785,83.61,
786,75.0,
787,170.97,
788,111.53,
789,69.09,
790,101.75,
791,127.26,
792,237.37,
793,203.06,1.0
794,113.03,
795,241.94,1.0
796,75.0,
797,96.66,
798,159.31,
799,151.95,
800,89.51,
801,84.3,
802,55.1,
803,101.57,
804,67.55,
805,71.86,
806,122.19,
807,121.35,
808,78.24,
809,113.45,
810,115.35,
811,185.07,
812,87.14,
813,103.02,
814,95.26,
815,91.01,
816,89.73,
817,130.84,
818,75.0,
819,115.15,
820,75.0,
821,145.23,
822,93.63,
823,280.61,
824,395.17,
825,196.7,
826,97.41,
827,75.0,
828,136.13,
829,69.22,
830,136.78,
831,155.76,
832,96.75,
833,108.95,
834,66.96,
835,282.44,1.0
836,201.76,1.0
837,161.72,
838,74.82,
839,96.85,
840,164.94,
841,162.01,
842,130.39,
843,75.0,1.0
844,129.15,
845,135.8,
846,107.71,
847,198.35,
848,75.0,1.0
849,203.19,1.0
850,372.57,1.0
851,75.0,1.0
852,167.55,1.0
853,100.97,
854,118.09,
855,75.0,
856,162.0,1.0
857,273.78,1.0
858,224.0,1.0
859,75.52,
860,124.23,
861,79.99,
862,192.3,1.0
863,96.88,
864,199.22,1.0
865,75.0,1.0
866,198.14,1.0
867,150.92,
868,75.0,
869,75.0,
870,140.24,
871,76.58,
872,75.0,
873,217.09,1.0
874,182.31,
875,78.3,
876,111.72,
877,200.05,
878,285.89,1.0
879,199.79,
880,165.18,
881,82.11,
882,75.0,
883,281.26,1.0
884,103.02,
885,338.66,1.0
886,227.29,1.0
887,290.77,1.0
888,75.0,
889,75.0,1.0
890,70.68,
891,91.13,
892,73.04,
893,359.67,
894,159.01,
895,165.1,
896,93.09,
897,98.82,
898,75.0,1.0
899,118.07,
900,290.24,1.0
901,208.82,
902,88.88,
903,250.78,1.0
904,75.0,
905,237.05,1.0
906,204.62,
907,75.0,
908,75.0,
909,144.85,
910,228.15,1.0
911,225.19,
912,288.46,1.0
913,58.75,
914,75.0,1.0
915,241.46,1.0
916,100.47,
917,139.48,
918,75.0,
919,63.11,
920,65.64,
921,75.0,
922,311.86,1.0
923,75.0,
924,151.28,
925,151.06,
926,75.0,1.0
927,273.78,1.0
928,75.0,1.0
929,173.21,1.0
930,67.68,
931,192.38,1.0
932,75.0,1.0
933,75.0,
934,87.72,
935,239.37,1.0
936,101.07,
937,297.76,1.0
938,213.56,1.0
939,280.01,1.0
940,261.81,1.0
941,171.68,1.0
942,193.28,1.0
943,164.04,1.0
944,107.29,1.0
945,75.0,
946,80.05,
947,75.0,
948,75.0,1.0
949,81.06,
950,75.0,
951,117.51,
952,209.3,
953,100.77,
954,288.64,1.0
955,75.0,
956,190.4,1.0
957,75.33,
958,75.0,1.0
959,164.34,1.0
960,213.96,1.0
961,180.99,1.0
962,210.65,1.0
963,108.15,
964,100.11,
965,75.0,1.0
966,70.44,
967,151.93,
968,228.21,
969,316.05,
970,112.82,
971,203.48,
972,250.0,
973,291.46,1.0
974,85.36,
975,80.31,
976,164.76,
977,190.98,1.0
978,218.24,1.0
979,96.45,
980,260.34,1.0
981,75.0,1.0
982,93.34,
983,74.83,
984,61.5,
985,62.07,
986,184.22,1.0
987,305.86,1.0
988,91.7,
989,177.95,
990,105.51,
991,71.73,
992,94.23,
993,228.39,1.0
994,137.94,
995,166.49,
996,156.81,
997,356.62,1.0
998,116.22,
999,75.0,
1000,75.0,
1001,184.69,
1002,75.0,
1003,75.0,
1004,75.0,1.0
1005,75.0,
1006,96.23,
1007,66.39,
1008,116.67,
1009,245.16,1.0
1010,75.0,1.0
1011,522.4,1.0
1012,375.19,1.0
1013,75.0,1.0
1014,239.34,1.0
1015,387.49,1.0
1016,75.0,1.0
1017,203.5,1.0
1018,209.18,1.0
1019,67.12,
1020,297.44,1.0
1021,149.01,
1022,93.07,
1023,75.0,
1024,103.3,
1025,101.79,
1026,241.92,1.0
1027,53.77,
1028,243.7,1.0
1029,159.31,1.0
1030,70.49,
1031,278.62,1.0
1032,89.64,
1033,149.58,
1034,53.82,
1035,218.73,1.0
1036,125.65,
1037,559.92,
1038,75.0,1.0
1039,75.0,
1040,218.08,1.0
1041,75.0,
1042,419.43,1.0
1043,263.16,1.0
1044,230.3,1.0
1045,131.43,
1046,227.33,1.0
1047,134.23,
1048,153.65,
1049,203.22,
1050,115.97,
1051,101.46,
1052,75.0,1.0
1053,259.06,1.0
1054,72.91,
1055,266.74,1.0
1056,100.34,
1057,75.0,
1058,82.76,
1059,130.4,
1060,82.62,
1061,221.48,1.0
1062,111.43,
1063,164.88,1.0
1064,149.58,
1065,90.08,
1066,75.0,1.0
1067,198.13,1.0
1068,83.83,
1069,75.0,1.0
1070,91.98,
1071,105.46,
1072,163.62,
1073,114.31,
1074,124.52,
1075,235.25,
1076,75.0,
1077,75.0,
1078,75.0,
1079,75.0,
1080,75.0,
1081,213.61,
1082,156.67,
1083,86.6,
1084,114.44,
1085,75.0,
1086,75.0,
1087,75.0,
1088,168.39,
1089,67.17,
1090,75.0,
1091,74.06,
1092,57.94,
1093,98.01,
1094,75.0,
1095,65.18,
1096,75.0,
1097,95.6,
1098,59.2,
1099,94.09,
1100,59.68,
1101,269.13,1.0
1102,95.83,
1103,100.13,
1104,298.17,1.0
1105,58.43,
1106,131.53,
1107,96.21,
1108,202.05,1.0
1109,213.58,1.0
1110,216.93,
1111,140.8,1.0
1112,97.16,
1113,146.23,
1114,200.86,1.0
1115,87.05,
1116,100.0,
1117,53.58,
1118,257.88,1.0
1119,105.72,
1120,78.68,
1121,247.45,1.0
1122,256.76,1.0
1123,249.07,1.0
1124,281.46,1.0
1125,75.0,
1126,201.33,1.0
1127,211.15,1.0
1128,157.58,
1129,358.96,1.0
1130,75.0,
1131,109.09,
1132,59.58,
1133,75.0,
1134,75.0,
1135,68.32,
1136,75.0,
1137,99.96,
1138,242.41,1.0
1139,127.46,
1140,51.82,
1141,72.29,
1142,250.0,
1143,477.56,1.0
1144,222.56,1.0
1145,141.89,
1146,169.27,
1147,75.0,1.0
1148,56.24,
1149,384.32,
1150,108.56,
1151,86.91,
1152,127.42,
1153,268.29,1.0
1154,136.84,
1155,106.66,
1156,219.06,1.0
1157,113.8,
1158,234.65,1.0
1159,203.21,
1160,75.0,1.0
1161,75.0,
1162,106.06,
1163,81.6,
1164,310.79,
1165,110.77,
1166,58.24,
1167,75.24,
1168,78.47,
1169,122.73,
1170,107.41,
1171,137.64,
1172,184.98,
1173,101.6,
1174,75.0,
1175,127.86,
1176,200.95,
1177,51.72,
1178,103.4,
1179,134.13,
1180,75.0,
1181,76.03,
1182,187.4,
1183,57.9,
1184,119.13,
1185,75.0,
1186,57.89,
1187,75.0,
1188,59.82,
1189,64.15,
1190,98.23,
1191,326.22,1.0
1192,186.15,1.0
1193,215.41,1.0
1194,75.0,1.0
1195,193.06,1.0
1196,129.35,
1197,242.48,1.0
1198,66.06,
1199,143.89,
1200,87.93,
1201,93.94,
1202,103.65,
1203,252.07,
1204,137.53,
1205,171.95,
1206,157.82,
1207,128.52,
1208,142.8,
1209,73.84,
1210,50.79,
1211,85.85,
1212,75.0,
1213,142.11,
1214,142.56,1.0
1215,180.39,1.0
1216,75.0,1.0
1217,61.26,
1218,77.57,
1219,75.0,
1220,101.62,
1221,143.65,
1222,75.0,
1223,178.45,
1224,202.75,1.0
1225,81.97,
1226,69.53,
1227,405.55,
1228,75.0,
1229,113.34,
1230,200.52,
1231,95.18,
1232,103.14,
1233,196.89,1.0
1234,281.77,
1235,188.29,
1236,55.43,
1237,91.87,
1238,69.34,
1239,234.95,
1240,329.33,
1241,313.13,1.0
1242,88.13,
1243,292.61,
1244,79.76,
1245,80.16,
1246,75.0,
1247,75.0,
1248,116.4,
1249,94.59,
1250,139.32,
1251,133.98,
1252,114.51,
1253,143.77,
1254,110.75,
1255,146.35,
1256,68.17,
1257,103.16,
1258,82.65,
1259,182.74,
1260,75.0,
1261,152.91,
1262,231.76,
1263,73.24,
1264,157.22,1.0
1265,125.2,
1266,139.23,
1267,75.0,1.0
1268,91.7,
1269,158.01,
1270,106.06,
1271,93.58,
1272,136.05,
1273,210.05,
1274,106.0,
1275,213.71,
1276,93.09,
1277,75.0,
1278,82.44,
1279,106.53,
1280,156.49,
1281,151.36,
1282,66.73,
1283,84.81,
1284,84.27,
1285,176.55,
1286,75.0,1.0
1287,143.94,
1288,112.46,
1289,115.69,
1290,76.04,
1291,194.27,
1292,74.77,
1293,83.75,
1294,175.96,
1295,136.61,
1296,73.84,
1297,250.0,
1298,73.97,
1299,135.72,
1300,176.74,
1301,81.55,
1302,225.94,1.0
1303,224.58,1.0
1304,75.0,
1305,141.71,
1306,130.4,
1307,130.3,
1308,145.58,
1309,143.77,
1310,75.0,
1311,220.57,
1312,98.35,
1313,242.17,
1314,75.0,
1315,119.16,
1316,259.2,
1317,169.27,
1318,64.43,
1319,77.37,
1320,75.0,1.0
1321,95.2,
1322,250.0,
1323,105.52,
1324,81.95,
1325,75.0,
1326,208.39,
1327,85.63,
1328,75.0,
1329,296.1,1.0
1330,158.19,
1331,58.28,
1332,75.0,
1333,165.31,
1334,176.27,
1335,75.0,
1336,240.91,1.0
1337,75.0,1.0
1338,73.88,
1339,170.25,
1340,316.03,
1341,452.09,
1342,324.03,1.0
1343,75.0,
1344,124.63,
1345,80.01,
1346,469.58,
1347,75.0,
1348,202.35,
1349,77.22,
1350,163.5,
1351,84.7,
1352,75.0,
1353,124.69,
1354,225.18,
1355,96.73,
1356,58.95,
1357,75.0,
1358,119.38,
1359,188.08,
1360,178.49,
1361,50.79,
1362,83.12,
1363,71.29,
1364,158.06,
1365,311.03,
1366,298.82,
1367,89.95,
1368,235.89,1.0
1369,120.75,
1370,75.0,1.0
1371,135.34,
1372,131.83,
1373,75.0,
1374,55.65,
1375,199.04,
1376,85.19,
1377,164.78,
1378,96.37,
1379,213.95,
1380,75.0,
1381,75.0,
1382,152.72,
1383,75.0,
1384,109.6,
1385,146.58,
1386,153.57,
1387,126.09,
1388,213.8,1.0
1389,75.0,
1390,247.11,
1391,250.0,
1392,77.05,
1393,102.05,
1394,91.35,
1395,129.08,
1396,147.09,
1397,86.23,
1398,75.0,
1399,103.04,
1400,69.69,
1401,71.01,
1402,54.28,
1403,311.52,1.0
1404,75.0,
1405,77.09,
1406,77.22,
1407,189.3,
1408,98.65,
1409,91.08,
1410,75.0,
1411,233.77,
1412,75.0,1.0
1413,168.38,
1414,181.65,
1415,134.46,
1416,99.97,
1417,85.51,
1418,67.36,
1419,155.5,
1420,104.5,
1421,111.92,
1422,58.1,
1423,83.14,
1424,80.92,
1425,75.0,
1426,166.13,
1427,75.0,
1428,75.0,
1429,96.57,
1430,74.07,
1431,92.87,
1432,67.73,
1433,259.79,
1434,75.0,
1435,75.0,
1436,101.03,
1437,93.02,
1438,111.58,
1439,179.13,1.0
1440,75.0,
1441,121.59,
1442,75.0,
1443,120.58,
1444,124.5,
1445,122.64,
1446,69.6,
1447,221.64,
1448,123.5,
1449,106.17,
1450,104.84,
1451,75.0,
1452,152.84,
1453,206.59,1.0
1454,248.53,1.0
1455,262.79,
1456,106.83,
1457,301.17,1.0
1458,84.85,
1459,65.19,
1460,77.34,
1461,66.64,
1462,120.51,
1463,75.0,
1464,75.0,
1465,73.19,
1466,75.0,
1467,75.0,
1468,73.67,
1469,206.91,1.0
1470,126.11,
1471,75.0,
1472,148.2,
1473,73.2,
1474,179.0,
1475,91.81,
1476,93.78,
1477,115.45,
1478,73.67,
1479,146.34,
1480,149.89,1.0
1481,93.56,
1482,108.96,
1483,287.15,1.0
1484,109.54,
1485,68.43,
1486,137.26,
1487,71.92,
1488,103.73,
1489,276.24,
1490,87.89,
1491,95.11,
1492,261.78,
1493,83.85,
1494,158.78,
1495,137.77,
1496,88.27,
1497,98.41,
1498,85.31,
1499,103.99,
1500,75.0,
1501,122.57,
1502,75.0,
1503,116.01,
1504,94.74,
1505,81.15,
1506,99.2,
1507,75.0,
1508,75.0,
1509,75.0,
1510,100.52,
1511,69.94,
1512,594.32,
1513,233.13,1.0
1514,506.72,
1515,75.0,
1516,103.7,
1517,102.29,
1518,99.48,
1519,243.96,1.0
1520,177.48,1.0
1521,98.08,
1522,85.43,
1523,110.64,
1524,196.08,
1525,201.12,
1526,83.96,
1527,62.43,
1528,106.96,
1529,78.81,
1530,245.64,
1531,152.33,
1532,414.05,
1533,75.0,
1534,105.7,
1535,105.35,
1536,140.49,
1537,75.0,1.0
1538,81.83,
1539,113.65,
1540,75.0,
1541,125.94,
1542,197.09,
1543,166.89,
1544,75.0,
1545,84.42,
1546,94.69,
1547,112.72,
1548,220.01,
1549,275.81,1.0
1550,193.86,1.0
1551,75.0,
1552,85.75,
1553,134.77,
1554,66.48,
1555,82.1,
1556,406.15,
1557,161.3,
1558,75.0,
1559,75.0,
1560,75.0,
1561,115.15,
1562,145.78,
1563,83.75,
1564,75.0,
1565,372.88,
1566,229.47,
1567,178.21,
1568,75.0,
1569,181.98,
1570,219.29,1.0
1571,257.28,1.0
1572,129.85,
1573,84.14,
1574,216.64,1.0
1575,97.03,
1576,75.0,
1577,118.7,
1578,101.24,
1579,369.05,1.0
1580,239.05,1.0
1581,136.69,
1582,75.0,
1583,151.11,
1584,95.76,
1585,53.81,
1586,390.42,1.0
1587,215.36,
1588,67.93,
1589,320.25,
1590,236.97,
1591,88.67,
1592,118.57,
1593,309.28,
1594,116.78,
1595,185.14,
1596,249.18,
1597,75.0,
1598,75.0,
1599,75.0,1.0
1600,195.1,1.0
1601,94.84,
1602,78.68,
1603,87.22,
1604,140.19,
1605,101.59,
1606,70.81,
1607,164.34,
1608,105.78,
1609,60.28,
1610,113.03,
1611,75.0,
1612,146.77,
1613,114.96,
1614,180.56,1.0
1615,117.7,
1616,75.0,
1617,122.23,
1618,86.3,
1619,100.23,
1620,110.62,
1621,220.42,
1622,183.96,
1623,75.0,
1624,283.91,
1625,200.68,1.0
1626,119.4,
1627,132.43,
1628,158.17,
1629,123.82,
1630,75.0,
1631,174.54,1.0
1632,86.67,
1633,70.13,
1634,148.62,
1635,67.03,
1636,147.72,
1637,75.0,
1638,116.88,
1639,96.4,
1640,197.44,1.0
1641,440.71,1.0
1642,140.41,
1643,148.65,
1644,116.16,
1645,164.96,
1646,81.63,
1647,250.0,
1648,75.0,
1649,114.42,
1650,119.86,
1651,86.8,
1652,77.65,
1653,50.74,
1654,106.04,
1655,75.0,
1656,147.87,
1657,75.0,
1658,53.27,
1659,333.79,1.0
1660,75.0,
1661,128.62,
1662,83.01,
1663,75.0,
1664,156.77,
1665,75.0,
1666,78.52,
1667,154.85,
1668,111.61,
1669,213.65,1.0
1670,75.0,
1671,74.9,
1672,203.91,1.0
1673,205.26,
1674,197.88,
1675,287.63,1.0
1676,112.14,
1677,209.39,1.0
1678,247.74,1.0
1679,75.0,1.0
1680,75.0,1.0
1681,75.0,1.0
1682,226.41,1.0
1683,75.0,1.0
1684,75.0,1.0
1685,99.41,
1686,98.63,
1687,75.0,
1688,92.47,
1689,75.0,
1690,109.6,
1691,174.71,
1692,102.49,
1693,133.26,
1694,156.35,
1695,202.36,1.0
1696,190.49,
1697,66.38,
1698,236.56,1.0
1699,241.78,1.0
1700,75.0,1.0
1701,239.9,1.0
1702,481.41,1.0
1703,75.0,1.0
1704,143.8,
1705,182.0,
1706,211.7,1.0
1707,72.32,
1708,355.04,
1709,153.64,
1710,138.37,
1711,63.1,
1712,88.16,
1713,96.1,
1714,299.54,
1715,50.68,
1716,104.84,
1717,277.72,
1718,149.62,
1719,222.15,1.0
1720,204.68,1.0
1721,201.72,1.0
1722,161.53,1.0
1723,211.02,1.0
1724,52.22,1.0
1725,220.94,1.0
1726,191.44,1.0
1727,204.02,1.0
1728,230.5,1.0
1729,153.43,
1730,204.71,1.0
1731,82.89,
1732,69.07,
1733,137.5,
1734,76.83,
1735,298.91,1.0
1736,64.86,
1737,248.24,
1738,190.53,
1739,133.96,
1740,56.0,
1741,75.0,
1742,75.0,
1743,136.64,
1744,215.26,1.0
1745,213.41,1.0
1746,261.94,1.0
1747,209.56,
1748,142.8,
1749,137.72,
1750,215.86,1.0
1751,275.47,1.0
1752,95.95,
1753,89.33,
1754,117.45,
1755,114.28,
1756,164.94,
1757,151.44,
1758,73.95,
1759,97.48,
1760,294.23,
1761,88.32,
1762,69.12,
1763,133.43,
1764,196.07,
1765,92.75,
1766,762.36,
1767,51.62,
1768,97.42,
1769,120.56,
1770,420.98,
1771,105.57,
1772,62.52,
1773,108.32,
1774,216.93,
1775,73.85,
1776,75.0,
1777,227.86,
1778,160.95,1.0
1779,91.26,
1780,246.91,
1781,189.67,
1782,75.0,
1783,142.38,
1784,219.2,
1785,75.0,
1786,107.64,
1787,96.15,
1788,79.1,
1789,171.94,
1790,75.0,
1791,88.5,
1792,133.08,
1793,261.18,
1794,82.63,
1795,105.97,
1796,122.54,
1797,75.0,
1798,126.21,
1799,84.7,
1800,85.4,
1801,107.14,
1802,104.71,
1803,77.16,
1804,165.34,1.0
1805,75.0,
1806,92.06,
1807,178.66,
1808,70.64,
1809,73.94,
1810,238.47,
1811,75.0,
1812,113.25,
1813,74.0,
1814,243.7,1.0
1815,119.19,
1816,140.72,
1817,57.58,
1818,98.44,
1819,114.4,
1820,227.65,
1821,75.0,
1822,182.65,
1823,116.21,
1824,59.89,
1825,396.63,
1826,75.0,
1827,75.0,1.0
1828,75.0,
1829,216.37,
1830,115.14,
1831,174.44,1.0
1832,101.9,
1833,235.33,
1834,75.0,
1835,134.6,
1836,134.86,
1837,114.48,
1838,182.65,
1839,228.81,1.0
1840,75.0,1.0
1841,93.45,
1842,144.7,
1843,147.75,
1844,117.72,
1845,180.8,
1846,65.24,
1847,94.7,
1848,242.23,1.0
1849,264.81,1.0
1850,86.44,
1851,75.0,
1852,81.44,
1853,133.13,
1854,235.37,
1855,239.62,
1856,97.09,
1857,75.0,
1858,316.5,
1859,92.89,
1860,104.24,
1861,128.58,
1862,116.85,
1863,104.38,
1864,54.94,
1865,75.0,
1866,96.63,
1867,75.0,
1868,75.37,
1869,124.75,
1870,128.0,
1871,131.98,
1872,158.29,
1873,166.83,
1874,75.0,1.0
1875,300.65,1.0
1876,83.69,
1877,75.0,1.0
1878,108.01,
1879,261.76,1.0
1880,88.89,
1881,75.0,
1882,63.92,
1883,75.81,
1884,66.95,
1885,52.4,
1886,86.23,
1887,159.13,
1888,172.04,1.0
1889,172.34,
1890,75.0,
1891,256.11,
1892,67.54,
1893,100.8,
1894,151.51,
1895,169.34,
1896,75.0,
1897,90.25,
1898,75.0,1.0
1899,75.0,1.0
1900,194.01,1.0
1901,120.08,
1902,57.06,
1903,176.98,
1904,130.63,
1905,109.09,
1906,97.02,
1907,133.11,
1908,75.0,
1909,75.0,
1910,197.08,
1911,151.08,
1912,74.7,
1913,75.0,1.0
1914,127.8,
1915,300.13,
1916,75.0,
1917,154.27,
1918,75.0,
1919,260.13,1.0
1920,75.0,
1921,153.05,
1922,255.08,1.0
1923,129.87,
1924,163.99,1.0
1925,75.0,1.0
1926,136.46,
1927,75.0,1.0
1928,111.14,
1929,180.97,
1930,58.02,
1931,128.98,
1932,75.0,
1933,171.83,1.0
1934,75.0,1.0
1935,250.0,
1936,75.0,
1937,50.24,
1938,83.26,
1939,64.69,
1940,75.0,1.0
1941,85.59,
1942,295.71,1.0
1943,71.19,
1944,74.39,
1945,75.0,1.0
1946,65.35,
1947,79.06,
1948,129.5,
1949,70.75,
1950,138.11,
1951,75.0,
1952,78.58,
1953,198.47,
1954,74.75,
1955,75.0,
1956,157.26,1.0
1957,252.56,
1958,75.0,1.0
1959,132.64,
1960,119.23,
1961,158.93,1.0
1962,216.11,1.0
1963,122.11,
1964,129.8,
1965,67.92,
1966,115.2,
1967,195.45,
1968,168.04,
1969,218.31,1.0
1970,138.36,
1971,75.0,1.0
1972,139.28,
1973,112.16,
1974,90.84,
1975,127.62,
1976,76.92,
1977,86.2,
1978,431.75,
1979,95.82,
1980,75.0,
1981,193.25,
1982,60.06,
1983,299.65,1.0
1984,143.18,
1985,222.67,1.0
1986,120.32,
1987,135.27,
1988,96.33,
1989,144.4,
1990,75.0,
1991,106.81,
1992,75.0,
1993,139.62,
1994,289.96,
1995,203.65,
1996,75.0,
1997,112.36,
1998,199.86,1.0
1999,230.92,
2000,79.49,
2001,356.82,1.0
2002,110.22,
2003,200.74,1.0
2004,97.01,
2005,75.0,
2006,203.19,
2007,203.11,1.0
2008,157.5,
2009,75.0,
2010,75.0,
2011,207.9,1.0
2012,268.36,1.0
2013,51.96,
2014,99.96,
2015,334.39,
2016,119.25,
2017,293.23,1.0
2018,72.96,
2019,137.22,
2020,86.13,
2021,204.55,
2022,68.1,
2023,67.82,
2024,239.91,1.0
2025,213.59,1.0
2026,107.92,
2027,216.52,
2028,75.0,1.0
2029,155.09,
2030,105.58,
2031,120.35,
2032,131.96,
2033,74.24,
2034,141.72,
2035,102.49,
2036,109.88,
2037,280.75,
2038,93.85,
2039,75.0,1.0
2040,97.92,
2041,149.54,1.0
2042,169.33,1.0
2043,198.57,1.0
2044,384.24,1.0
2045,217.06,1.0
2046,175.02,1.0
2047,135.23,
2048,217.96,1.0
2049,134.22,
2050,71.27,
2051,75.0,
2052,309.59,1.0
2053,176.34,1.0
2054,222.78,1.0
2055,241.53,1.0
2056,260.32,
2057,75.0,1.0
2058,228.45,1.0
2059,75.0,
2060,122.47,
2061,270.44,
2062,140.15,
2063,368.57,
2064,144.84,
2065,107.9,
2066,124.68,
2067,187.99,
2068,156.65,
2069,94.6,
2070,126.55,
2071,230.7,
2072,63.15,
2073,113.48,
2074,148.59,
2075,187.68,1.0
2076,75.0,1.0
2077,127.09,
2078,76.27,
2079,100.71,
2080,166.86,
2081,165.5,1.0
2082,122.25,
2083,114.71,
2084,80.64,
2085,146.18,
2086,75.0,
2087,223.99,1.0
2088,198.92,1.0
2089,134.6,
2090,54.72,
2091,232.84,
2092,87.25,
2093,162.3,
2094,219.71,1.0
2095,75.0,1.0
2096,276.94,1.0
2097,122.88,
2098,113.24,
2099,187.32,1.0
2100,312.5,1.0
2101,75.0,
2102,101.11,
2103,75.0,
2104,373.14,1.0
2105,71.39,
2106,157.14,
2107,210.18,1.0
2108,154.59,
2109,62.84,
2110,57.15,
2111,64.75,
2112,131.06,
2113,75.0,
2114,197.42,
2115,75.0,
2116,64.71,
2117,250.0,
2118,157.97,
2119,219.56,1.0
2120,75.0,
2121,76.57,
2122,124.48,
2123,223.75,1.0
2124,51.84,
2125,211.95,1.0
2126,79.99,
2127,68.22,
2128,75.0,
2129,150.8,
2130,302.01,
2131,75.0,
2132,134.75,
2133,79.07,
2134,56.15,
2135,116.8,
2136,132.83,
2137,82.84,
2138,121.8,
2139,77.31,
2140,78.79,
2141,79.77,
2142,97.25,
2143,75.0,1.0
2144,75.0,
2145,235.35,1.0
2146,336.43,1.0
2147,116.57,
2148,75.0,1.0
2149,179.42,1.0
2150,65.83,
2151,295.66,
2152,75.0,
2153,218.8,
2154,86.24,
2155,104.0,
2156,91.94,
2157,94.22,
2158,75.0,
2159,301.45,1.0
2160,75.0,
2161,75.0,
2162,189.92,1.0
2163,245.2,1.0
2164,75.0,1.0
2165,96.61,
2166,114.85,
2167,75.0,
2168,322.07,1.0
2169,75.0,
2170,103.7,
2171,196.8,1.0
2172,252.93,1.0
2173,154.11,
2174,117.86,
2175,306.51,1.0
2176,229.33,
2177,138.16,
2178,212.51,1.0
2179,181.36,
2180,75.0,
2181,258.54,1.0
2182,87.14,
2183,177.9,1.0
2184,75.0,1.0
2185,303.55,1.0
2186,177.59,1.0
2187,75.0,1.0
2188,75.0,1.0
2189,166.66,1.0
2190,284.97,1.0
2191,452.85,1.0
2192,232.16,1.0
2193,75.0,1.0
2194,75.0,1.0
2195,75.0,
2196,406.02,
2197,92.24,
2198,111.03,
2199,74.43,
2200,106.61,
2201,86.38,
2202,75.0,
2203,75.0,
2204,103.05,
2205,92.46,
2206,237.43,1.0
2207,304.25,
2208,75.0,
2209,86.42,
2210,75.0,
2211,274.52,1.0
2212,159.03,
2213,290.43,1.0
2214,113.83,
2215,74.9,
2216,75.0,
2217,205.5,1.0
2218,75.0,1.0
2219,205.24,1.0
2220,220.48,1.0
2221,75.0,
2222,119.58,
2223,78.99,
2224,249.07,1.0
2225,129.27,
2226,121.95,
2227,225.51,1.0
2228,108.73,
2229,62.26,
2230,95.03,
2231,56.16,
2232,75.0,
2233,317.74,1.0
2234,115.34,
2235,115.24,
2236,135.34,
2237,75.0,
2238,276.75,1.0
2239,256.4,1.0
2240,189.72,
2241,101.83,
2242,130.05,
2243,79.73,
2244,189.73,1.0
2245,124.25,
2246,102.9,
2247,268.62,
2248,129.54,
2249,75.0,1.0
2250,214.81,1.0
2251,161.52,1.0
2252,75.0,
2253,275.95,1.0
2254,159.64,1.0
2255,155.69,
2256,184.87,1.0
2257,234.84,1.0
2258,122.74,
2259,235.75,1.0
2260,197.53,1.0
2261,105.84,
2262,214.23,1.0
2263,180.2,1.0
2264,116.5,
2265,236.44,
2266,265.69,1.0
2267,227.95,
2268,141.49,
2269,191.45,1.0
2270,267.64,1.0
2271,75.0,
2272,294.66,
2273,81.35,
2274,127.97,
2275,104.16,
2276,194.57,
2277,262.43,1.0
2278,100.16,
2279,273.36,
2280,175.45,
2281,123.77,
2282,118.74,
2283,75.0,
2284,75.0,
2285,245.05,
2286,106.54,
2287,75.0,
2288,106.8,
2289,104.5,
2290,140.4,
2291,75.0,
2292,75.0,
2293,114.76,
2294,154.0,
2295,152.09,
2296,106.04,
2297,227.75,
2298,178.92,
2299,223.45,
2300,60.81,
2301,137.55,
2302,96.37,
2303,195.07,1.0
2304,76.52,
2305,75.0,1.0
2306,118.14,
2307,299.28,
2308,102.61,
2309,83.56,
2310,74.56,
2311,83.91,
2312,79.42,
2313,146.99,
2314,111.1,
2315,248.0,
2316,102.5,
2317,85.16,
2318,168.5,
2319,107.29,
2320,125.16,
2321,75.0,
2322,71.44,
2323,63.64,
2324,75.0,
2325,158.3,1.0
2326,200.65,1.0
2327,75.0,1.0
2328,143.0,
2329,100.8,
2330,75.0,
2331,116.13,
2332,228.1,
2333,213.18,
2334,144.78,
2335,67.65,
2336,88.53,
2337,104.43,
2338,75.0,
2339,327.27,
2340,104.17,
2341,75.0,1.0
2342,233.28,1.0
2343,75.0,
2344,121.82,
2345,75.0,
2346,93.2,
2347,65.9,
2348,102.37,
2349,75.0,1.0
2350,509.96,1.0
2351,229.63,1.0
2352,235.59,1.0
2353,319.94,1.0
2354,123.51,
2355,99.69,
2356,171.65,
2357,207.67,
2358,75.0,
2359,100.3,
2360,75.0,
2361,88.67,
2362,75.0,
2363,53.32,
2364,298.2,1.0
2365,125.28,
2366,244.13,1.0
2367,112.09,
2368,111.3,
2369,115.42,
2370,94.45,
2371,109.56,
2372,106.53,
2373,103.34,1.0
2374,217.08,1.0
2375,237.46,1.0
2376,236.15,1.0
2377,236.18,1.0
2378,210.27,
2379,217.82,1.0
2380,70.76,
2381,66.31,
2382,164.23,1.0
2383,260.5,1.0
2384,112.31,
2385,119.45,
2386,178.22,1.0
2387,78.64,
2388,134.03,
2389,108.59,
2390,75.0,
2391,206.62,
2392,284.56,1.0
2393,152.5,1.0
2394,75.0,
2395,207.29,1.0
2396,138.04,
2397,71.16,
2398,75.0,
2399,65.43,
2400,90.76,
2401,305.54,
2402,99.4,
2403,75.0,
2404,387.97,1.0
2405,94.71,
2406,379.57,1.0
2407,54.65,
2408,201.83,1.0
2409,208.86,1.0
2410,203.36,
2411,231.88,1.0
2412,70.12,
2413,105.74,
2414,147.19,1.0
2415,75.0,1.0
2416,169.94,
2417,108.73,
2418,118.08,
2419,218.37,
2420,93.25,
2421,90.08,
2422,75.0,
2423,125.28,
2424,128.35,
2425,71.88,
2426,88.24,
2427,75.0,
2428,139.74,
2429,170.19,
2430,77.42,
2431,185.4,
2432,71.76,
2433,75.0,
2434,84.2,
2435,273.98,
2436,96.01,
2437,75.0,
2438,81.11,
2439,101.62,1.0
2440,228.04,1.0
2441,229.69,1.0
2442,184.54,
2443,211.95,1.0
2444,85.54,
2445,107.4,
2446,127.73,
2447,111.32,
2448,71.03,
2449,75.0,
2450,134.23,
2451,111.28,
2452,119.65,
2453,179.54,
2454,185.62,
2455,116.24,
2456,84.5,
2457,152.78,
2458,169.27,
2459,172.04,
2460,75.0,
2461,71.21,
2462,70.83,
2463,75.0,
2464,67.19,
2465,76.54,
2466,146.69,
2467,188.87,
2468,125.55,
2469,98.79,
2470,162.21,
2471,78.07,
2472,236.2,
2473,75.0,
2474,85.58,
2475,101.62,
2476,147.85,
2477,72.77,
2478,75.0,
2479,86.6,
2480,87.37,
2481,151.67,
2482,71.43,
2483,83.02,
2484,117.43,
2485,69.8,
2486,166.07,
2487,180.75,
2488,73.62,
2489,210.15,
2490,216.36,
2491,96.78,
2492,188.19,
2493,180.0,
2494,62.94,
2495,239.26,
2496,211.79,
2497,61.74,
2498,112.83,
2499,147.06,
2500,75.0,1.0
2501,50.52,
2502,75.0,
2503,144.44,
2504,144.99,
2505,75.48,
2506,218.27,
2507,153.86,
2508,64.9,
2509,93.11,
2510,117.63,
2511,159.07,
2512,134.97,
2513,80.3,
2514,75.0,
2515,75.0,
2516,50.26,
2517,584.42,
2518,164.61,
2519,137.36,
2520,118.63,
2521,156.77,
2522,155.18,
2523,264.11,1.0
2524,178.3,1.0
2525,123.58,
2526,80.38,
2527,78.06,
2528,270.95,1.0
2529,264.15,1.0
2530,161.72,
2531,250.0,
2532,144.23,
2533,75.0,
2534,75.0,
2535,172.99,
2536,90.64,
2537,283.4,1.0
2538,75.0,
2539,96.62,
2540,104.8,
2541,75.0,
2542,102.33,
2543,123.0,
2544,73.4,
2545,183.1,
2546,166.64,
2547,250.0,
2548,103.94,
2549,91.75,
2550,140.67,
2551,182.76,
2552,121.05,
2553,150.52,
2554,75.0,
2555,148.66,
2556,100.71,
2557,94.26,
2558,75.0,
2559,241.45,1.0
2560,122.99,
2561,121.66,
2562,115.29,
2563,87.99,
2564,75.0,1.0
2565,132.76,
2566,153.19,
2567,137.39,
2568,75.0,
2569,126.89,
2570,120.56,
2571,94.25,
2572,75.0,
2573,163.68,
2574,144.7,
2575,54.95,
2576,89.62,
2577,75.0,
2578,250.0,
2579,81.32,
2580,58.03,
2581,111.72,
2582,169.09,
2583,159.79,
2584,169.79,
2585,86.79,
2586,126.53,
2587,75.0,
2588,56.46,
2589,82.78,
2590,50.46,
2591,58.19,
2592,167.46,
2593,115.55,
2594,212.33,
2595,126.3,
2596,198.53,1.0
2597,77.76,
2598,121.96,
2599,264.46,
2600,92.56,
2601,214.75,1.0
2602,123.19,1.0
2603,348.89,1.0
2604,66.22,
2605,99.5,
2606,377.88,
2607,130.69,
2608,111.78,
2609,109.96,
2610,172.94,1.0
2611,150.42,
2612,88.38,
2613,71.38,
2614,63.53,
2615,130.68,
2616,231.57,
2617,98.44,
2618,73.52,
2619,83.53,
2620,81.05,
2621,266.5,
2622,105.22,
2623,75.0,1.0
2624,75.0,
2625,302.09,1.0
2626,229.77,
2627,87.74,
2628,71.26,
2629,146.95,
2630,82.79,
2631,222.32,
2632,75.0,
2633,75.0,1.0
2634,88.15,
2635,219.23,
2636,75.0,
2637,86.96,
2638,72.36,
2639,123.11,
2640,267.79,1.0
2641,100.18,
2642,75.0,
2643,223.41,1.0
2644,85.11,
2645,98.14,
2646,159.79,
2647,117.25,
2648,145.82,
2649,86.84,
2650,90.57,
2651,75.0,
2652,127.36,
2653,75.0,
2654,114.96,
2655,87.07,
2656,75.0,
2657,75.0,1.0
2658,325.91,1.0
2659,75.0,
2660,274.04,1.0
2661,263.54,
2662,110.15,
2663,98.3,
2664,75.0,
2665,187.89,
2666,54.57,
2667,75.0,
2668,185.03,
2669,78.38,
2670,138.84,
2671,743.49,
2672,123.81,
2673,79.7,
2674,232.34,
2675,119.1,
2676,118.38,
2677,105.45,
2678,167.84,1.0
2679,213.69,1.0
2680,138.4,1.0
2681,75.0,
2682,359.38,
2683,179.79,1.0
2684,493.95,1.0
2685,128.71,
2686,179.98,
2687,87.53,
2688,143.05,
2689,138.99,
2690,68.18,
2691,75.0,
2692,204.01,1.0
2693,75.0,
2694,75.0,
2695,124.45,
2696,75.0,1.0
2697,220.66,1.0
2698,85.11,
2699,153.03,
2700,262.29,1.0
2701,594.03,
2702,95.13,
2703,71.53,
2704,136.33,
2705,75.0,
2706,64.37,
2707,89.74,
2708,159.8,
2709,144.53,
2710,75.0,
2711,88.93,
2712,75.0,
2713,91.13,
2714,75.0,
2715,282.12,
2716,311.82,
2717,189.98,1.0
2718,90.31,
2719,161.84,1.0
2720,100.92,
2721,242.9,1.0
2722,75.0,
2723,129.65,
2724,107.28,
2725,149.67,
2726,54.74,
2727,75.0,
2728,60.59,
2729,153.14,
2730,75.0,
2731,75.0,
2732,238.01,1.0
2733,238.35,1.0
2734,196.31,1.0
2735,129.18,
2736,85.07,
2737,107.28,
2738,58.84,
2739,75.0,1.0
2740,108.26,
2741,75.0,
2742,75.0,
2743,75.0,
2744,109.76,
2745,205.88,1.0
2746,139.58,
2747,152.58,
2748,179.58,
2749,75.0,
2750,73.95,
2751,98.42,
2752,75.0,
2753,75.0,
2754,75.0,
2755,263.19,1.0
2756,170.34,
2757,122.68,
2758,305.75,1.0
2759,63.35,
2760,61.75,
2761,75.0,1.0
2762,104.83,
2763,75.0,
2764,240.62,
2765,157.82,
2766,75.0,
2767,75.0,
2768,146.34,
2769,60.18,
2770,98.52,
2771,190.34,
2772,102.01,1.0
2773,140.57,
2774,89.67,
2775,85.61,
2776,67.68,
2777,75.0,1.0
2778,284.47,1.0
2779,126.55,
2780,51.39,
2781,143.62,
2782,208.88,1.0
2783,183.78,1.0
2784,111.93,
2785,163.35,
2786,371.71,1.0
2787,241.2,1.0
2788,204.97,
2789,271.57,
2790,119.1,
2791,178.61,
2792,148.94,
2793,71.16,
2794,75.0,
2795,161.86,
2796,110.75,
2797,115.02,
2798,349.09,
2799,116.92,
2800,137.25,
2801,75.0,
2802,75.0,
2803,97.38,
2804,81.66,
2805,235.79,
2806,462.44,
2807,257.01,
2808,96.64,
2809,128.91,
2810,127.11,
2811,82.33,
2812,75.0,
2813,264.28,1.0
2814,208.27,1.0
2815,135.94,
2816,75.0,
2817,75.0,
2818,75.0,
2819,87.21,
2820,88.55,
2821,137.08,
2822,152.12,
2823,271.03,1.0
2824,148.62,
2825,75.0,1.0
2826,202.11,1.0
2827,97.31,
2828,356.05,1.0
2829,75.0,
2830,75.0,
2831,87.61,
2832,231.68,
2833,81.43,
2834,76.7,
2835,111.89,
2836,51.12,
2837,122.93,
2838,74.17,
2839,127.77,
2840,94.14,
2841,60.56,
2842,167.28,
2843,84.41,
2844,192.66,
2845,167.08,
2846,175.0,
2847,111.37,
2848,161.85,
2849,211.97,1.0
2850,103.07,
2851,99.43,
2852,245.23,1.0
2853,120.14,
2854,231.58,1.0
2855,303.13,1.0
2856,380.77,1.0
2857,139.29,
2858,85.24,
2859,204.0,
2860,257.38,
2861,113.6,
2862,112.18,
2863,256.43,1.0
2864,295.01,1.0
2865,158.54,
2866,128.15,
2867,100.63,
2868,130.27,
2869,219.17,1.0
2870,198.76,1.0
2871,81.63,
2872,75.0,
2873,313.77,1.0
2874,124.84,
2875,75.0,
2876,187.54,
2877,276.4,1.0
2878,198.02,1.0
2879,184.04,1.0
2880,103.01,
2881,78.33,
2882,368.87,1.0
2883,75.0,1.0
2884,224.54,1.0
2885,62.59,
2886,116.64,
2887,169.53,
2888,209.83,1.0
2889,127.56,
2890,75.0,1.0
2891,75.0,
2892,106.87,
2893,78.47,
2894,75.0,
2895,75.0,
2896,81.61,
2897,75.0,
2898,75.0,
2899,203.9,
2900,98.99,
2901,295.96,1.0
2902,115.05,
2903,53.19,
2904,139.35,
2905,254.27,
2906,157.48,
2907,112.67,
2908,72.0,
2909,94.17,
2910,93.47,
2911,119.33,
2912,197.55,1.0
2913,302.13,1.0
2914,199.95,1.0
2915,247.25,1.0
2916,286.63,1.0
2917,93.1,
2918,207.86,1.0
2919,329.91,1.0
2920,373.61,1.0
2921,75.0,
2922,104.69,
2923,76.72,
2924,75.0,
2925,134.48,
2926,95.82,
2927,75.0,
2928,75.0,
2929,142.16,
2930,197.4,
2931,162.54,
2932,75.0,
2933,86.86,
2934,180.98,
2935,75.0,
2936,75.0,
2937,60.44,
2938,75.0,
2939,77.02,
2940,75.0,
2941,75.0,
2942,77.94,
2943,77.62,
2944,220.46,
2945,75.0,
2946,113.86,
2947,75.0,1.0
2948,75.0,1.0
2949,227.04,1.0
2950,138.68,
2951,119.69,
2952,318.02,1.0
2953,218.34,1.0
2954,211.47,
2955,63.0,
2956,250.66,1.0
2957,187.86,1.0
2958,108.96,
2959,121.49,
2960,262.74,1.0
2961,243.96,
2962,265.17,1.0
2963,158.84,
2964,142.82,1.0
2965,174.56,
2966,238.88,
2967,75.0,
2968,250.02,
2969,75.0,
2970,79.83,
2971,132.11,
2972,75.0,
2973,185.97,
2974,129.21,
2975,179.32,
2976,204.94,
2977,91.55,
2978,98.89,
2979,75.0,1.0
2980,137.95,
2981,77.66,
2982,58.2,
2983,90.05,
2984,75.0,1.0
2985,204.3,
2986,75.0,1.0
2987,86.17,
2988,75.0,
2989,132.35,
2990,130.13,
2991,129.22,
2992,85.41,
2993,137.72,
2994,176.28,1.0
2995,220.28,1.0
2996,276.23,1.0
2997,228.13,1.0
2998,182.05,1.0
2999,248.71,1.0
3000,75.0,1.0
3001,75.0,
3002,75.0,
3003,115.95,
3004,197.48,
3005,250.0,
3006,267.12,
3007,150.14,
3008,75.0,1.0
3009,144.72,
3010,93.54,
3011,283.45,1.0
3012,158.5,1.0
3013,61.45,
3014,126.08,
3015,124.37,
3016,75.0,
3017,109.29,
3018,50.75,
3019,112.18,
3020,130.17,
3021,75.0,1.0
3022,248.04,1.0
3023,75.0,
3024,75.0,
3025,67.8,
3026,91.01,
3027,164.13,1.0
3028,264.95,1.0
3029,75.0,1.0
3030,178.82,1.0
3031,220.8,1.0
3032,299.65,1.0
3033,237.54,1.0
3034,374.1,1.0
3035,162.86,
3036,146.89,
3037,268.93,
3038,76.23,
3039,240.82,1.0
3040,75.0,
3041,79.05,
3042,95.01,
3043,136.26,
3044,74.71,
3045,103.38,
3046,222.56,
3047,84.98,
3048,75.0,
3049,55.91,
3050,199.56,1.0
3051,75.0,
3052,109.35,
3053,99.24,
3054,70.55,
3055,135.36,
3056,146.45,
3057,250.0,1.0
3058,198.96,1.0
3059,208.52,1.0
3060,271.46,1.0
3061,91.62,
3062,103.21,
3063,259.83,
3064,97.59,
3065,61.76,
3066,113.22,
3067,136.7,
3068,113.55,
3069,75.0,
3070,99.87,
3071,75.0,
3072,135.35,
3073,121.39,
3074,102.62,
3075,117.67,
3076,75.0,
3077,145.97,
3078,75.0,
3079,57.88,
3080,139.39,
3081,82.45,
3082,158.58,
3083,206.96,1.0
3084,285.35,1.0
3085,333.54,1.0
3086,168.54,
3087,281.21,1.0
3088,247.27,1.0
3089,86.77,
3090,75.38,
3091,105.01,
3092,63.42,
3093,207.85,1.0
3094,75.0,
3095,99.2,
3096,125.11,
3097,274.33,
3098,75.0,
3099,73.07,
3100,75.0,
3101,93.14,
3102,749.07,
3103,75.0,
3104,175.85,
3105,75.0,1.0
3106,248.32,1.0
3107,266.0,1.0
3108,186.94,1.0
3109,142.23,1.0
3110,113.06,1.0
3111,75.0,1.0
3112,77.58,
3113,127.79,
3114,63.78,
3115,74.49,
3116,219.82,
3117,75.0,
3118,84.01,
3119,171.93,
3120,236.81,1.0
3121,95.61,
3122,159.63,
3123,762.65,
3124,101.32,
3125,100.59,
3126,84.7,
3127,99.84,
3128,156.48,
3129,75.0,
3130,75.0,
3131,69.78,
3132,68.24,
3133,83.22,
3134,122.64,
3135,193.5,
3136,202.94,
3137,156.02,
3138,260.44,
3139,100.73,
3140,244.32,
3141,90.6,
3142,110.64,
3143,111.83,
3144,142.62,
3145,75.0,
3146,248.37,1.0
3147,72.77,
3148,136.0,
3149,196.87,
3150,69.96,
3151,137.35,
3152,194.29,1.0
3153,213.91,1.0
3154,241.62,1.0
3155,181.55,1.0
3156,305.37,1.0
3157,306.65,1.0
3158,76.94,
3159,267.77,1.0
3160,75.0,
3161,75.0,
3162,113.33,
3163,150.0,
3164,146.7,
3165,82.18,
3166,85.63,
3167,133.07,
3168,127.36,
3169,76.2,
3170,75.0,
3171,68.43,
3172,87.56,
3173,76.38,
3174,166.97,
3175,114.34,
3176,75.94,
3177,113.87,
3178,114.45,
3179,100.22,
3180,76.29,
3181,75.0,
3182,156.64,
3183,68.5,
3184,73.88,
3185,120.49,
3186,97.73,
3187,166.54,
3188,87.23,
3189,113.29,
3190,218.37,1.0
3191,201.88,1.0
3192,219.04,1.0
3193,97.92,
3194,86.94,
3195,106.28,
3196,79.15,
3197,67.98,
3198,333.5,
3199,230.16,
3200,88.17,
3201,129.58,
3202,87.76,
3203,80.91,
3204,63.1,
3205,78.61,
3206,251.3,1.0
3207,237.62,1.0
3208,190.78,1.0
3209,226.57,1.0
3210,152.73,1.0
3211,86.8,
3212,144.32,
3213,83.99,
3214,98.89,
3215,93.56,
3216,187.7,
3217,198.59,
3218,159.08,
3219,75.0,
3220,97.62,
3221,99.68,
3222,75.0,
3223,245.18,
3224,255.47,
3225,75.0,
3226,194.35,
3227,155.07,
3228,75.0,
3229,86.8,
3230,52.7,
3231,217.81,1.0
3232,95.14,
3233,229.04,1.0
3234,156.71,
3235,179.82,
3236,168.74,1.0
3237,104.17,
3238,59.87,
3239,211.9,
3240,99.33,
3241,218.89,
3242,94.62,
3243,103.8,
3244,65.96,
3245,192.84,
3246,75.0,
3247,192.25,
3248,156.99,
3249,180.8,
3250,75.0,
3251,115.3,
3252,246.62,
3253,122.22,
3254,75.0,1.0
3255,105.79,
3256,231.83,
3257,75.0,
3258,133.85,
3259,128.38,
3260,79.16,
3261,169.19,
3262,154.33,
3263,112.5,
3264,64.3,
3265,74.55,
3266,172.16,
3267,75.0,
3268,84.0,
3269,113.31,
3270,132.91,
3271,304.78,1.0
3272,89.41,
3273,77.16,
3274,84.55,
3275,74.71,
3276,154.38,
3277,135.23,
3278,107.7,
3279,93.68,
3280,75.0,1.0
3281,75.0,
3282,199.98,1.0
3283,63.44,
3284,189.69,1.0
3285,187.73,
3286,215.38,
3287,103.66,
3288,81.54,
3289,124.37,
3290,68.33,
3291,118.56,
3292,75.0,
3293,75.0,
3294,349.81,
3295,201.8,1.0
3296,171.47,
3297,256.13,
3298,250.0,
3299,197.82,
3300,93.18,
3301,174.13,
3302,116.05,
3303,75.0,
3304,75.0,
3305,75.0,
3306,255.83,
3307,128.71,
3308,63.91,
3309,99.11,
3310,70.35,
3311,126.28,
3312,75.0,
3313,112.27,
3314,116.42,
3315,309.96,1.0
3316,115.84,
3317,200.11,1.0
3318,190.47,
3319,50.79,
3320,180.39,
3321,172.02,
3322,55.01,
3323,75.0,
3324,64.46,
3325,75.0,
3326,75.0,
3327,84.47,
3328,451.11,
3329,60.14,
3330,75.0,
3331,68.98,
3332,50.6,
3333,145.68,
3334,148.79,
3335,259.27,1.0
3336,75.0,1.0
3337,148.31,
3338,103.59,
3339,75.0,
3340,131.21,1.0
3341,164.06,
3342,299.57,1.0
3343,83.18,
3344,123.12,
3345,138.94,
3346,178.49,
3347,142.36,
3348,211.53,1.0
3349,179.41,1.0
3350,131.2,
3351,77.91,
3352,145.67,
3353,91.34,
3354,363.47,1.0
3355,148.66,
3356,221.07,1.0
3357,75.0,
3358,259.32,
3359,75.0,
3360,69.58,
3361,75.0,
3362,88.65,
3363,75.0,
3364,75.0,
3365,99.86,
3366,101.46,
3367,163.34,
3368,127.01,
3369,73.97,
3370,100.84,
3371,61.62,
3372,82.98,
3373,75.0,
3374,109.59,
3375,219.66,1.0
3376,185.48,1.0
3377,62.17,
3378,134.21,
3379,93.65,
3380,75.0,
3381,70.2,
3382,152.24,
3383,75.0,
3384,215.07,1.0
3385,75.0,
3386,64.95,
3387,175.05,
3388,54.95,
3389,75.0,
3390,102.32,
3391,101.53,
3392,65.98,
3393,223.09,
3394,197.71,1.0
3395,235.3,1.0
3396,95.0,
3397,129.75,
3398,75.0,
3399,58.81,
3400,82.83,
3401,296.79,1.0
3402,55.43,
3403,456.72,
3404,301.2,
3405,152.87,
3406,132.44,
3407,196.08,1.0
3408,160.16,
3409,225.67,
3410,126.5,
3411,129.87,
3412,75.0,
3413,75.0,1.0
3414,226.51,
3415,60.99,
3416,171.24,
3417,115.67,
3418,94.09,
3419,89.28,
3420,86.08,
3421,312.01,1.0
3422,82.88,
3423,91.36,
3424,135.27,
3425,96.9,
3426,127.94,
3427,138.55,
3428,82.77,
3429,75.0,1.0
3430,95.15,
3431,80.39,
3432,242.54,1.0
3433,286.82,1.0
3434,250.81,1.0
3435,135.31,
3436,179.88,1.0
3437,216.47,
3438,86.7,
3439,192.23,
3440,100.68,
3441,157.39,
3442,176.79,
3443,104.82,
3444,55.35,
3445,105.14,
3446,247.36,1.0
3447,133.74,
3448,116.64,
3449,75.0,1.0
3450,75.0,1.0
3451,68.39,
3452,127.05,
3453,209.0,1.0
3454,201.32,1.0
3455,75.0,
3456,71.5,
3457,197.17,1.0
3458,193.98,1.0
3459,250.0,
3460,207.94,1.0
3461,198.18,1.0
3462,75.0,
3463,53.8,
3464,87.13,
3465,131.02,
3466,53.54,
3467,99.85,
3468,192.4,
3469,64.39,
3470,54.1,
3471,160.79,
3472,86.68,
3473,196.86,
3474,101.94,
3475,156.37,
3476,154.59,
3477,61.62,
3478,292.59,1.0
3479,132.37,
3480,218.56,1.0
3481,297.34,1.0
3482,363.58,1.0
3483,210.69,1.0
3484,246.93,1.0
3485,332.64,
3486,75.0,1.0
3487,359.42,1.0
3488,231.71,1.0
3489,298.67,1.0
3490,95.02,
3491,104.26,
3492,252.41,1.0
3493,82.76,
3494,75.0,1.0
3495,159.0,1.0
3496,285.81,1.0
3497,84.38,
3498,108.93,
3499,75.0,
3500,203.89,
3501,75.0,
3502,165.81,
3503,55.23,
3504,120.78,
3505,98.33,
3506,73.97,
3507,281.12,1.0
3508,77.45,
3509,56.07,
3510,258.41,1.0
3511,72.25,
3512,165.84,
3513,68.82,
3514,75.0,
3515,184.23,
3516,346.11,1.0
3517,114.24,
3518,75.0,
3519,187.51,1.0
3520,159.93,
3521,92.33,
3522,93.92,
3523,144.36,
3524,74.69,
3525,75.0,
3526,131.24,
3527,75.0,
3528,50.03,
3529,75.0,1.0
3530,75.63,
3531,82.62,
3532,75.0,
3533,97.41,
3534,75.0,1.0
3535,75.0,
3536,262.53,1.0
3537,232.69,1.0
3538,95.52,
3539,75.0,
3540,196.53,
3541,220.41,
3542,82.14,
3543,147.37,
3544,187.11,1.0
3545,103.92,
3546,119.52,
3547,75.0,
3548,75.0,1.0
3549,164.72,
3550,266.0,1.0
3551,230.08,1.0
3552,189.86,1.0
3553,98.34,
3554,127.93,
3555,196.78,1.0
3556,278.31,1.0
3557,259.04,1.0
3558,348.77,1.0
3559,141.98,
3560,75.0,
3561,75.0,
3562,151.89,
3563,104.79,
3564,237.49,1.0
3565,204.46,1.0
3566,56.69,
3567,140.39,
3568,75.0,
3569,55.43,
3570,192.38,1.0
3571,276.4,1.0
3572,162.35,
3573,87.82,
3574,50.73,
3575,119.62,
3576,136.47,
3577,221.23,1.0
3578,111.4,
3579,326.26,1.0
3580,75.0,
3581,75.0,1.0
3582,63.4,
3583,201.16,
3584,75.0,
3585,119.56,
3586,179.31,
3587,100.89,
3588,226.6,1.0
3589,258.59,1.0
3590,232.72,1.0
3591,260.32,1.0
3592,186.78,1.0
3593,345.2,1.0
3594,169.69,
3595,229.75,1.0
3596,356.19,1.0
3597,53.14,
3598,78.4,
3599,132.2,
3600,165.89,
3601,75.0,1.0
3602,283.34,1.0
3603,75.0,
3604,75.0,1.0
3605,82.08,
3606,95.56,
3607,243.54,
3608,75.0,
3609,244.19,1.0
3610,88.84,
3611,106.43,
3612,106.89,
3613,96.96,
3614,113.16,
3615,181.91,1.0
3616,83.46,
3617,69.55,
3618,76.95,
3619,190.98,1.0
3620,220.86,1.0
3621,429.32,1.0
3622,160.6,1.0
3623,220.42,1.0
3624,252.86,1.0
3625,224.57,1.0
3626,284.43,1.0
3627,274.84,1.0
3628,75.0,1.0
3629,302.68,1.0
3630,142.87,1.0
3631,262.07,1.0
3632,321.06,1.0
3633,93.79,
3634,54.82,
3635,86.28,
3636,79.75,
3637,131.7,1.0
3638,75.0,1.0
3639,75.0,1.0
3640,85.75,
3641,75.0,1.0
3642,75.0,
3643,75.0,
3644,94.1,
3645,133.08,
3646,114.95,
3647,119.74,
3648,60.49,
3649,75.0,1.0
3650,136.92,
3651,145.7,
3652,230.94,1.0
3653,75.0,1.0
3654,75.0,
3655,75.0,
3656,270.56,1.0
3657,210.63,1.0
3658,235.93,1.0
3659,86.47,
3660,175.07,
3661,85.23,
3662,247.58,1.0
3663,75.0,
3664,75.0,
3665,238.55,
3666,132.98,
3667,393.03,1.0
3668,176.57,
3669,76.67,
3670,75.0,
3671,150.85,
3672,75.0,
3673,232.06,
3674,75.0,
3675,158.76,
3676,133.6,
3677,303.75,1.0
3678,147.74,
3679,59.62,
3680,117.52,
3681,103.37,
3682,208.1,
3683,75.0,
3684,91.08,
3685,171.77,
3686,107.78,
3687,142.81,
3688,140.77,
3689,139.48,
3690,99.58,
3691,108.97,
3692,176.91,
3693,119.17,
3694,347.5,
3695,267.09,1.0
3696,138.36,
3697,241.96,
3698,193.1,
3699,239.84,1.0
3700,137.47,
3701,135.86,
3702,221.23,
3703,96.61,
3704,107.43,
3705,75.0,
3706,175.94,
3707,158.44,
3708,250.0,
3709,75.0,1.0
3710,130.63,
3711,69.99,
3712,135.25,
3713,75.0,
3714,168.04,
3715,75.0,
3716,75.0,
3717,281.85,
3718,266.31,1.0
3719,121.29,
3720,105.62,
3721,75.0,1.0
3722,75.0,1.0
3723,75.0,
3724,122.48,
3725,284.59,1.0
3726,275.23,1.0
3727,266.34,1.0
3728,75.0,
3729,75.0,
3730,155.07,
3731,83.1,
3732,75.0,
3733,257.39,1.0
3734,77.13,
3735,116.16,
3736,155.05,1.0
3737,86.56,
3738,99.95,
3739,144.86,
3740,75.0,
3741,186.65,
3742,75.0,
3743,149.44,
3744,105.05,
3745,75.0,
3746,110.15,
3747,179.52,
3748,217.22,
3749,75.0,1.0
3750,75.0,1.0
3751,297.01,1.0
3752,180.68,1.0
3753,113.41,
3754,116.26,
3755,75.0,
3756,174.6,
3757,75.0,
3758,75.0,
3759,141.17,
3760,75.0,
3761,217.04,1.0
3762,590.42,1.0
3763,116.52,
3764,329.62,1.0
3765,186.08,1.0
3766,208.6,1.0
3767,60.36,
3768,193.31,
3769,75.0,
3770,224.28,
3771,84.18,
3772,118.76,
3773,75.0,1.0
3774,75.0,1.0
3775,75.0,1.0
3776,330.4,1.0
3777,250.06,1.0
3778,75.0,
3779,114.7,
3780,110.09,
3781,75.0,
3782,296.75,
3783,192.49,
3784,205.89,
3785,156.65,
3786,80.1,
3787,474.59,
3788,100.46,
3789,75.0,
3790,71.11,
3791,144.39,
3792,182.68,1.0
3793,55.65,
3794,72.55,
3795,60.73,
3796,110.93,
3797,232.83,1.0
3798,105.94,
3799,79.31,
3800,75.0,
3801,162.07,
3802,75.0,
3803,161.29,
3804,116.89,
3805,87.85,
3806,99.63,
3807,182.04,
3808,78.42,
3809,125.63,
3810,246.11,1.0
3811,74.06,
3812,224.09,1.0
3813,75.0,
3814,69.75,
3815,75.0,
3816,198.61,1.0
3817,78.38,
3818,265.99,1.0
3819,90.57,
3820,57.6,
3821,135.44,
3822,61.6,
3823,149.4,
3824,66.82,
3825,98.34,
3826,140.63,
3827,51.13,
3828,350.04,
3829,99.8,
3830,75.15,
3831,75.0,
3832,89.02,
3833,118.45,
3834,75.0,1.0
3835,188.47,1.0
3836,230.11,1.0
3837,75.0,
3838,75.0,
3839,95.44,
3840,156.79,1.0
3841,295.72,
3842,75.0,1.0
3843,195.26,1.0
3844,101.83,1.0
3845,75.0,1.0
3846,170.04,
3847,101.68,
3848,75.0,
3849,296.75,
3850,75.0,
3851,155.28,
3852,321.17,1.0
3853,243.38,1.0
3854,89.39,
3855,62.27,
3856,170.62,
3857,78.44,
3858,392.75,
3859,63.16,
3860,75.0,
3861,250.12,1.0
3862,75.0,
3863,116.1,
3864,75.0,
3865,151.4,
3866,55.49,
3867,62.27,
3868,82.86,
3869,113.4,
3870,128.85,
3871,125.84,
3872,184.61,
3873,286.19,
3874,122.25,
3875,227.26,
3876,127.81,
3877,75.0,
3878,72.92,
3879,78.47,
3880,122.49,
3881,188.92,
3882,150.56,
3883,210.6,
3884,232.21,
3885,151.48,
3886,114.98,
3887,178.19,
3888,145.99,
3889,205.16,
3890,76.83,
3891,75.0,
3892,185.87,
3893,215.44,
3894,126.98,
3895,71.48,
3896,134.63,
3897,84.09,
3898,76.65,
3899,75.0,
3900,250.0,
3901,121.95,
3902,142.26,
3903,75.0,
3904,92.04,
3905,73.74,
3906,147.13,
3907,653.31,
3908,59.76,
3909,85.21,
3910,180.54,
3911,212.18,
3912,150.97,
3913,75.0,
3914,75.0,1.0
3915,112.13,
3916,75.0,1.0
3917,134.37,
3918,86.44,
3919,69.65,
3920,95.52,
3921,68.65,
3922,56.79,
3923,86.15,
3924,126.96,
3925,182.52,
3926,130.48,
3927,71.89,
3928,84.48,
3929,135.53,
3930,61.15,
3931,102.65,
3932,273.19,
3933,121.9,
3934,55.59,
3935,145.1,
3936,75.0,
3937,86.99,
3938,231.75,
3939,75.0,
3940,75.35,
3941,62.42,
3942,72.94,
3943,97.83,
3944,158.87,
3945,99.85,
3946,157.9,
3947,159.41,
3948,141.5,
3949,99.23,
3950,85.66,
3951,75.0,
3952,74.71,
3953,130.02,
3954,94.88,
3955,73.73,
3956,69.76,
3957,75.0,
3958,167.26,
3959,121.35,
3960,66.62,
3961,80.51,
3962,76.52,
3963,56.37,
3964,90.65,
3965,121.69,
3966,90.05,
3967,64.53,
3968,120.27,
3969,98.89,
3970,75.0,1.0
3971,140.91,
3972,76.88,
3973,101.71,
3974,302.55,1.0
3975,230.22,1.0
3976,65.1,
3977,177.57,1.0
3978,129.49,
3979,75.0,
3980,55.7,
3981,198.66,1.0
3982,242.71,1.0
3983,202.42,1.0
3984,179.83,1.0
3985,350.93,1.0
3986,53.56,
3987,122.03,
3988,124.35,
3989,155.89,
3990,86.08,
3991,89.87,
3992,157.13,
3993,60.65,
3994,220.8,
3995,246.14,1.0
3996,54.37,
3997,99.4,
3998,75.0,
3999,75.0,1.0
4000,161.34,
4001,129.81,
4002,197.68,
4003,75.0,
4004,148.4,
4005,65.14,
4006,293.37,1.0
4007,75.0,1.0
4008,260.35,
4009,217.9,1.0
4010,75.0,1.0
4011,73.38,
4012,212.82,
4013,71.23,
4014,173.68,
4015,94.33,
4016,308.46,1.0
4017,231.86,1.0
4018,75.0,
4019,75.0,
4020,77.91,
4021,75.0,
4022,123.56,
4023,75.88,
4024,72.26,
4025,91.4,
4026,107.42,
4027,143.54,
4028,112.5,
4029,82.13,
4030,177.89,
4031,76.19,
4032,95.56,
4033,109.65,
4034,75.0,
4035,122.99,
4036,79.56,
4037,70.72,
4038,111.08,
4039,103.68,
4040,273.48,1.0
4041,75.0,1.0
4042,75.0,
4043,126.55,
4044,54.91,
4045,54.84,
4046,190.92,
4047,125.91,
4048,97.18,
4049,143.28,
4050,71.61,
4051,126.39,
4052,195.63,
4053,56.42,
4054,131.7,
4055,75.0,1.0
4056,153.22,
4057,57.46,
4058,165.64,
4059,72.13,
4060,124.76,
4061,329.72,
4062,111.61,
4063,51.94,
4064,322.46,1.0
4065,75.0,
4066,51.96,
4067,245.01,1.0
4068,75.0,1.0
4069,145.34,1.0
4070,228.1,1.0
4071,156.67,
4072,63.91,
4073,124.42,
4074,152.49,
4075,86.19,
4076,91.75,
4077,178.7,1.0
4078,137.86,
4079,85.06,
4080,150.6,
4081,237.66,1.0
4082,215.92,1.0
4083,66.26,
4084,114.86,
4085,75.0,
4086,263.54,1.0
4087,227.71,
4088,216.22,
4089,102.0,
4090,122.76,
4091,75.0,
4092,69.12,
4093,77.39,
4094,78.46,
4095,227.35,
4096,121.9,
4097,94.46,
4098,75.0,
4099,250.0,
4100,75.0,
4101,195.79,
4102,89.41,
4103,267.13,1.0
4104,67.82,
4105,158.52,1.0
4106,271.52,1.0
4107,261.25,
4108,161.95,
4109,81.27,
4110,92.35,
4111,75.0,1.0
4112,251.01,1.0
4113,241.12,1.0
4114,75.0,1.0
4115,250.0,1.0
4116,83.79,
4117,152.3,
4118,54.14,
4119,113.98,
4120,294.42,1.0
4121,75.0,
4122,72.3,
4123,195.82,
4124,75.0,
4125,75.0,
4126,75.0,
4127,135.12,
4128,75.0,
4129,87.21,
4130,61.66,
4131,59.53,
4132,94.41,
4133,75.0,
4134,136.3,
4135,98.21,
4136,75.0,1.0
4137,125.51,
4138,121.49,
4139,76.99,
4140,219.9,
4141,132.66,
4142,118.59,
4143,124.22,
4144,75.0,
4145,226.56,
4146,106.86,
4147,171.97,
4148,197.95,
4149,250.0,
4150,138.93,
4151,178.76,
4152,130.23,
4153,81.3,
4154,56.67,
4155,105.35,
4156,75.0,
4157,172.27,
4158,118.91,
4159,106.57,
4160,75.0,1.0
4161,106.13,
4162,135.37,
4163,70.3,
4164,197.36,
4165,110.91,
4166,76.21,
4167,278.61,
4168,105.89,
4169,83.63,
4170,75.0,
4171,283.84,
4172,75.0,1.0
4173,75.0,1.0
4174,307.16,1.0
4175,202.3,1.0
4176,226.12,1.0
4177,75.0,1.0
4178,106.82,
4179,75.0,
4180,93.3,
4181,104.89,
4182,182.3,
4183,225.27,1.0
4184,113.6,
4185,75.0,1.0
4186,103.27,
4187,131.05,
4188,182.01,1.0
4189,75.0,1.0
4190,127.43,
4191,175.22,1.0
4192,75.0,
4193,230.63,1.0
4194,172.33,
4195,89.61,
4196,219.02,1.0
4197,127.98,
4198,95.04,
4199,90.01,
4200,334.65,1.0
4201,160.6,
4202,69.56,
4203,93.41,
4204,148.37,
4205,93.73,
4206,124.89,
4207,75.0,1.0
4208,75.0,1.0
4209,137.37,
4210,71.59,
4211,89.79,
4212,75.0,
4213,75.0,
4214,255.43,
4215,207.23,
4216,93.72,
4217,113.36,
4218,89.69,
4219,134.73,
4220,75.0,
4221,107.1,
4222,80.67,
4223,110.15,
4224,111.19,
4225,159.61,
4226,114.46,
4227,80.71,
4228,158.67,
4229,79.79,
4230,160.41,
4231,118.65,
4232,245.84,1.0
4233,96.05,
4234,134.63,
4235,214.24,1.0
4236,171.52,
4237,89.41,
4238,162.12,
4239,183.13,
4240,165.46,
4241,98.38,
4242,228.03,
4243,196.23,
4244,139.02,
4245,131.84,
4246,120.34,
4247,198.46,
4248,200.63,
4249,130.08,
4250,75.0,
4251,75.0,
4252,150.99,
4253,101.83,
4254,64.35,
4255,75.0,
4256,152.16,
4257,144.25,
4258,142.65,
4259,124.44,
4260,75.0,
4261,187.26,
4262,92.19,
4263,75.0,1.0
4264,326.39,1.0
4265,118.06,
4266,166.29,
4267,141.63,
4268,64.5,
4269,115.82,
4270,77.81,
4271,204.07,1.0
4272,229.55,1.0
4273,264.34,1.0
4274,199.02,1.0
4275,75.0,
4276,83.0,
4277,150.31,
4278,223.67,
4279,53.87,
4280,117.87,
4281,153.33,
4282,189.38,
4283,250.0,
4284,75.0,
4285,132.07,
4286,422.72,
4287,112.94,
4288,153.75,
4289,195.06,1.0
4290,77.34,
4291,279.01,1.0
4292,116.32,
4293,99.07,
4294,110.4,
4295,50.68,
4296,201.49,
4297,108.35,
4298,120.59,
4299,214.22,
4300,81.74,
4301,113.15,
4302,170.94,
4303,75.0,1.0
4304,69.45,
4305,123.23,
4306,158.68,
4307,75.0,
4308,75.0,
4309,123.45,
4310,179.25,1.0
4311,224.65,1.0
4312,335.04,
4313,115.67,
4314,212.3,1.0
4315,75.0,1.0
4316,119.07,
4317,59.39,
4318,75.0,
4319,297.62,
4320,186.86,
4321,75.0,
4322,234.69,1.0
4323,62.51,
4324,75.51,
4325,249.18,1.0
4326,75.0,1.0
4327,75.0,1.0
4328,203.96,
4329,75.0,1.0
4330,208.31,1.0
4331,170.05,
4332,75.0,
4333,83.31,
4334,75.0,1.0
4335,413.18,1.0
4336,104.86,
4337,244.65,1.0
4338,68.05,
4339,106.15,
4340,288.64,
4341,368.8,1.0
4342,228.23,1.0
4343,63.04,
4344,139.58,
4345,88.7,
4346,96.6,
4347,170.47,1.0
4348,128.36,
4349,126.04,
4350,232.31,1.0
4351,75.0,
4352,75.0,1.0
4353,214.06,1.0
4354,121.0,
4355,193.13,1.0
4356,68.78,
4357,184.77,1.0
4358,75.0,1.0
4359,122.23,
4360,75.0,1.0
4361,127.39,
4362,246.1,1.0
4363,131.29,
4364,215.51,1.0
4365,71.65,
4366,75.0,
4367,272.66,
4368,138.18,
4369,75.0,
4370,74.19,
4371,74.57,
4372,75.0,
4373,86.61,
4374,75.0,
4375,102.13,
4376,75.0,
4377,52.78,
4378,146.25,
4379,75.0,
4380,75.0,
4381,65.81,
4382,72.07,
4383,84.33,
4384,107.55,
4385,108.6,
4386,82.38,
4387,69.1,
4388,65.45,
4389,77.33,
4390,62.1,
4391,75.0,
4392,75.0,
4393,58.16,
4394,125.65,
4395,75.0,
4396,204.27,
4397,70.8,
4398,177.85,
4399,91.06,
4400,112.95,
4401,186.98,
4402,61.4,
4403,80.36,
4404,75.0,
4405,99.42,
4406,75.0,
4407,60.39,
4408,136.44,
4409,75.0,
4410,75.0,
4411,169.94,
4412,141.11,
4413,288.67,
4414,122.28,
4415,75.0,
4416,144.56,
4417,234.69,
4418,193.97,
4419,141.51,
4420,148.26,
4421,178.06,
4422,113.2,
4423,75.0,
4424,105.68,
4425,266.67,
4426,208.64,
4427,75.78,
4428,303.17,
4429,75.0,
4430,94.44,
4431,195.98,1.0
4432,260.39,1.0
4433,75.0,
4434,116.04,
4435,99.36,
4436,72.94,
4437,169.54,
4438,143.51,
4439,376.13,
4440,308.89,
4441,136.39,
4442,71.65,
4443,174.12,
4444,51.74,
4445,75.0,
4446,54.28,
4447,148.75,
4448,75.0,
4449,250.0,
4450,161.63,
4451,75.0,
4452,78.0,
4453,336.86,
4454,179.52,
4455,98.56,
4456,75.0,
4457,158.17,
4458,267.9,1.0
4459,75.0,
4460,173.59,
4461,118.21,
4462,129.71,
4463,95.64,
4464,75.0,
4465,131.24,
4466,192.79,1.0
4467,229.87,1.0
4468,75.0,
4469,65.06,
4470,190.07,
4471,75.0,
4472,184.53,
4473,136.54,
4474,187.49,
4475,75.0,1.0
4476,129.02,
4477,205.45,1.0
4478,107.13,
4479,75.0,
4480,171.55,
4481,99.46,
4482,120.23,
4483,205.1,
4484,75.0,
4485,275.64,
4486,75.0,
4487,126.46,
4488,239.65,
4489,75.0,
4490,130.12,
4491,103.29,
4492,75.94,
4493,120.68,
4494,75.0,
4495,122.73,
4496,228.29,1.0
4497,96.47,
4498,175.24,
4499,86.25,
4500,108.41,
4501,129.07,
4502,154.29,
4503,75.61,
4504,93.18,
4505,136.15,
4506,136.96,
4507,62.8,
4508,152.43,
4509,134.71,
4510,159.39,
4511,215.22,1.0
4512,75.0,
4513,80.41,
4514,131.87,
4515,234.36,1.0
4516,75.0,
4517,75.0,1.0
4518,334.74,1.0
4519,75.0,
4520,161.18,
4521,207.57,
4522,256.21,1.0
4523,86.74,
4524,112.8,
4525,116.78,
4526,79.74,
4527,224.06,
4528,126.61,
4529,229.75,1.0
4530,154.49,
4531,146.87,
4532,86.08,
4533,317.63,1.0
4534,171.24,
4535,78.66,
4536,154.94,
4537,75.0,
4538,109.37,
4539,71.63,
4540,75.0,
4541,109.95,
4542,124.2,
4543,165.18,
4544,141.37,
4545,188.18,
4546,123.63,
4547,75.0,1.0
4548,651.54,
4549,158.74,
4550,60.67,
4551,85.09,
4552,184.19,
4553,75.0,1.0
4554,108.31,
4555,127.7,
4556,50.56,
4557,108.49,
4558,62.99,
4559,75.0,
4560,75.0,
4561,75.0,1.0
4562,75.0,
4563,170.48,
4564,75.0,
4565,108.52,
4566,137.32,
4567,67.73,
4568,139.78,
4569,66.98,
4570,177.4,
4571,90.37,
4572,85.2,
4573,96.7,
4574,99.71,
4575,139.43,
4576,75.0,
4577,86.44,
4578,240.6,1.0
4579,75.0,1.0
4580,152.34,1.0
4581,270.61,1.0
4582,194.21,1.0
4583,89.98,
4584,141.72,
4585,132.23,
4586,170.92,
4587,75.0,
4588,135.25,
4589,219.36,1.0
4590,128.21,
4591,116.22,
4592,98.65,
4593,75.0,1.0
4594,75.0,1.0
4595,75.0,1.0
4596,75.0,1.0
4597,116.85,1.0
4598,122.21,
4599,80.42,
4600,106.44,
4601,366.43,1.0
4602,76.56,
4603,241.62,
4604,176.74,
4605,127.17,
4606,121.94,
4607,94.49,
4608,174.84,
4609,138.98,
4610,134.66,
4611,110.56,
4612,169.73,
4613,75.0,
4614,192.75,
4615,138.45,
4616,161.46,
4617,72.79,
4618,95.16,
4619,129.83,
4620,200.5,
4621,174.29,
4622,136.38,
4623,75.0,
4624,89.36,
4625,257.25,
4626,88.73,
4627,86.25,
4628,111.86,
4629,140.3,
4630,133.22,
4631,93.7,
4632,108.57,
4633,82.05,
4634,68.3,
4635,88.69,
4636,75.0,
4637,106.54,
4638,114.41,
4639,87.81,
4640,282.85,1.0
4641,114.01,
4642,232.26,
4643,168.8,1.0
4644,75.0,1.0
4645,91.1,
4646,181.07,1.0
4647,86.93,
4648,98.24,
4649,214.75,1.0
4650,130.3,
4651,75.0,1.0
4652,88.35,1.0
4653,239.19,
4654,52.22,
4655,75.0,1.0
4656,123.27,
4657,276.48,1.0
4658,56.32,
4659,89.71,
4660,243.95,
4661,75.0,
4662,240.53,1.0
4663,325.64,1.0
4664,174.81,
4665,75.0,1.0
4666,92.01,
4667,291.22,1.0
4668,85.39,
4669,289.57,1.0
4670,188.73,1.0
4671,91.61,
4672,98.68,
4673,75.0,1.0
4674,126.32,
4675,92.03,
4676,116.77,
4677,88.89,
4678,75.0,
4679,182.11,1.0
4680,80.01,
4681,278.88,1.0
4682,218.23,1.0
4683,75.0,
4684,320.9,1.0
4685,75.0,
4686,75.0,
4687,75.0,
4688,75.0,
4689,89.72,
4690,57.45,
4691,156.37,
4692,206.94,1.0
4693,134.32,
4694,103.17,
4695,75.0,1.0
4696,84.3,
4697,183.3,1.0
4698,278.74,1.0
4699,75.0,
4700,298.5,1.0
4701,283.87,1.0
4702,75.0,
4703,260.83,1.0
4704,75.0,1.0
4705,75.0,
4706,95.82,
4707,172.89,1.0
4708,266.46,
4709,360.96,1.0
4710,261.9,1.0
4711,111.64,
4712,210.56,1.0
4713,80.67,
4714,162.95,
4715,81.93,
4716,75.02,
4717,59.97,
4718,118.64,
4719,156.09,
4720,119.0,
4721,161.1,
4722,75.0,
4723,149.54,
4724,59.43,
4725,91.86,
4726,187.03,
4727,84.09,
4728,52.6,
4729,110.61,
4730,107.48,
4731,85.37,
4732,69.74,
4733,75.0,
4734,137.59,
4735,123.02,
4736,52.45,
4737,90.78,
4738,142.73,
4739,522.78,
4740,111.15,
4741,99.18,
4742,223.03,
4743,126.05,
4744,75.0,
4745,100.77,
4746,95.72,
4747,75.0,
4748,140.74,
4749,111.75,
4750,94.9,
4751,224.58,
4752,75.0,
4753,101.2,
4754,89.46,
4755,90.91,
4756,112.02,
4757,188.84,
4758,73.94,
4759,195.06,
4760,75.0,
4761,110.22,
4762,227.06,
4763,58.04,
4764,114.3,
4765,69.24,
4766,69.28,
4767,75.0,
4768,181.29,
4769,93.45,
4770,210.3,
4771,137.55,
4772,163.03,
4773,75.0,
4774,75.0,
4775,89.96,
4776,204.03,
4777,75.0,
4778,59.01,
4779,75.0,
4780,82.03,
4781,75.0,
4782,113.25,
4783,160.62,
4784,75.0,
4785,56.13,
4786,102.28,
4787,112.96,
4788,302.15,
4789,51.41,
4790,120.42,
4791,195.17,
4792,78.23,
4793,84.73,
4794,65.7,
4795,250.0,
4796,112.22,
4797,69.96,
4798,86.94,
4799,75.0,
4800,75.0,
4801,209.59,1.0
4802,67.07,
4803,85.17,
4804,123.55,
4805,86.5,
4806,140.6,
4807,225.81,
4808,126.89,
4809,75.0,1.0
4810,141.23,
4811,75.0,
4812,249.65,
4813,100.0,
4814,155.14,
4815,167.9,
4816,75.0,1.0
4817,223.66,1.0
4818,205.63,
4819,75.0,
4820,81.43,
4821,117.17,
4822,160.32,
4823,76.72,
4824,118.48,
4825,144.27,
4826,102.85,
4827,174.48,
4828,88.19,
4829,209.91,
4830,75.0,
4831,149.34,
4832,67.96,
4833,202.96,1.0
4834,250.0,
4835,83.51,
4836,75.0,1.0
4837,75.0,1.0
4838,75.0,
4839,73.24,
4840,125.9,
4841,109.74,
4842,103.15,
4843,92.32,
4844,75.0,
4845,78.32,
4846,93.66,
4847,59.47,
4848,75.0,
4849,280.99,
4850,66.2,
4851,64.96,
4852,75.0,1.0
4853,82.53,
4854,87.59,
4855,241.61,
4856,139.45,
4857,75.0,
4858,191.55,1.0
4859,209.06,1.0
4860,75.0,
4861,184.89,
4862,109.92,
4863,75.0,
4864,75.0,1.0
4865,271.89,1.0
4866,75.0,1.0
4867,114.18,
4868,144.6,1.0
4869,197.36,
4870,225.51,1.0
4871,265.28,1.0
4872,107.19,
4873,76.75,
4874,75.0,
4875,111.9,
4876,146.27,
4877,244.32,
4878,244.39,1.0
4879,193.8,
4880,172.67,
4881,110.84,
4882,88.83,
4883,123.37,
4884,154.13,1.0
4885,118.91,
4886,107.34,
4887,98.19,
4888,53.75,
4889,121.3,
4890,114.7,
4891,128.46,
4892,168.72,
4893,191.83,1.0
4894,200.61,
4895,89.76,
4896,56.82,
4897,142.69,
4898,85.61,
4899,133.87,
4900,185.4,
4901,75.0,
4902,150.09,
4903,72.96,
4904,88.89,
4905,89.11,
4906,142.4,
4907,56.31,
4908,134.81,
4909,69.06,
4910,75.0,
4911,75.0,
4912,122.97,
4913,92.01,
4914,123.44,
4915,83.35,
4916,111.8,
4917,67.53,
4918,211.87,1.0
4919,211.7,1.0
4920,73.74,
4921,84.49,
4922,100.12,
4923,258.35,1.0
4924,173.31,1.0
4925,96.74,
4926,58.31,
4927,110.93,
4928,277.17,1.0
4929,75.0,1.0
4930,204.59,1.0
4931,192.53,
4932,77.5,
4933,84.71,
4934,205.41,
4935,141.77,
4936,201.87,
4937,128.96,
4938,157.04,
4939,75.0,1.0
4940,74.38,
4941,171.68,
4942,86.48,
4943,225.33,1.0
4944,75.0,1.0
4945,208.3,1.0
4946,130.6,
4947,223.95,1.0
4948,71.1,
4949,76.57,
4950,75.0,1.0
4951,137.28,
4952,113.36,
4953,88.44,
4954,125.92,
4955,152.08,
4956,111.52,
4957,126.57,
4958,266.12,1.0
4959,212.29,1.0
4960,58.67,
4961,71.33,
4962,75.0,
4963,128.92,
4964,93.07,
4965,75.0,
4966,212.38,1.0
4967,75.0,
4968,89.03,
4969,75.0,1.0
4970,299.5,1.0
4971,75.0,1.0
4972,281.52,1.0
4973,206.6,1.0
4974,54.69,
4975,71.4,
4976,75.0,1.0
4977,152.26,1.0
4978,75.0,1.0
4979,187.46,
4980,327.29,1.0
4981,163.84,1.0
4982,65.65,
4983,100.86,
4984,80.02,
4985,304.68,1.0
4986,206.71,
4987,74.89,
4988,266.7,1.0
4989,343.56,1.0
4990,364.78,1.0
4991,75.0,1.0
4992,84.3,
4993,111.01,
4994,75.0,
4995,117.6,
4996,75.0,
4997,303.17,1.0
4998,86.14,
4999,381.78,1.0
5000,220.24,
5001,176.09,
5002,162.32,
5003,271.9,
5004,75.0,
5005,180.46,
5006,75.0,
5007,86.94,
5008,120.45,
5009,147.67,
5010,90.95,
5011,172.27,
5012,108.14,
5013,69.73,
5014,75.0,
5015,107.97,
5016,106.68,
5017,185.62,
5018,197.36,
5019,75.0,
5020,75.0,
5021,115.61,
5022,75.0,
5023,146.42,
5024,75.0,
5025,179.72,
5026,87.62,
5027,75.0,
5028,101.22,
5029,80.98,
5030,161.71,
5031,75.0,
5032,75.0,
5033,130.27,
5034,157.19,
5035,163.54,
5036,126.56,
5037,75.0,
5038,56.83,
5039,111.19,
5040,75.0,
5041,215.96,1.0
5042,213.61,1.0
5043,351.0,1.0
5044,134.42,
5045,226.53,1.0
5046,183.09,1.0
5047,187.86,1.0
5048,156.98,
5049,149.8,
5050,75.0,
5051,74.0,
5052,118.85,
5053,75.0,
5054,122.89,
5055,70.11,
5056,101.15,
5057,230.12,1.0
5058,102.25,
5059,208.25,1.0
5060,75.0,
5061,570.21,
5062,146.42,
5063,94.22,
5064,122.32,
5065,75.0,
5066,124.8,
5067,183.78,
5068,82.77,
5069,163.72,
5070,108.2,
5071,135.67,
5072,75.0,
5073,372.23,
5074,95.38,
5075,227.93,1.0
5076,113.99,
5077,178.24,1.0
5078,75.0,
5079,193.77,1.0
5080,62.44,
5081,65.54,
5082,127.54,
5083,170.68,
5084,97.91,
5085,243.49,
5086,58.5,
5087,71.36,
5088,204.79,1.0
5089,81.45,
5090,214.68,1.0
5091,97.18,1.0
5092,193.2,1.0
5093,220.49,1.0
5094,199.63,
5095,128.93,
5096,63.17,
5097,75.0,
5098,88.06,
5099,115.06,
5100,136.37,
5101,164.99,
5102,223.25,
5103,199.15,
5104,188.26,
5105,187.73,
5106,98.53,
5107,135.31,
5108,75.0,
5109,75.0,1.0
5110,161.24,
5111,124.14,
5112,132.13,
5113,240.24,1.0
5114,75.0,
5115,213.9,1.0
5116,140.56,
5117,75.0,
5118,89.58,
5119,149.74,
5120,118.47,
5121,93.32,
5122,106.05,
5123,75.0,1.0
5124,75.0,
5125,170.04,
5126,83.42,
5127,99.26,
5128,101.22,
5129,132.14,
5130,75.0,
5131,59.55,
5132,99.27,
5133,75.0,
5134,188.96,
5135,142.91,
5136,172.41,
5137,136.79,
5138,56.78,
5139,231.19,
5140,184.13,
5141,75.7,
5142,125.78,
5143,75.0,
5144,131.95,
5145,131.56,
5146,73.52,
5147,103.11,
5148,75.0,
5149,122.5,
5150,144.31,
5151,75.0,
5152,177.08,
5153,101.17,
5154,96.14,
5155,292.4,1.0
5156,181.68,1.0
5157,295.95,1.0
5158,253.09,1.0
5159,248.98,
5160,89.26,
5161,368.22,1.0
5162,69.3,
5163,214.15,
5164,88.75,
5165,74.94,
5166,90.5,
5167,143.09,
5168,220.46,
5169,104.42,
5170,195.74,
5171,202.14,1.0
5172,196.62,
5173,75.0,
5174,75.0,
5175,114.73,
5176,106.86,
5177,158.09,
5178,113.51,
5179,88.94,
5180,73.76,
5181,108.38,
5182,75.0,
5183,320.42,1.0
5184,75.0,1.0
5185,200.58,1.0
5186,75.0,
5187,75.0,
5188,75.0,
5189,151.79,
5190,75.0,
5191,127.32,
5192,75.0,1.0
5193,80.47,
5194,109.44,
5195,76.55,
5196,75.0,
5197,79.64,
5198,156.97,
5199,93.08,
5200,192.3,
5201,300.59,1.0
5202,75.0,1.0
5203,75.0,
5204,75.0,
5205,95.02,
5206,100.89,
5207,247.52,
5208,60.83,
5209,114.2,
5210,238.15,
5211,295.58,
5212,112.66,
5213,115.06,
5214,109.15,
5215,158.76,
5216,75.0,
5217,378.96,
5218,108.25,
5219,176.98,
5220,100.85,
5221,84.54,
5222,320.17,1.0
5223,127.21,
5224,185.67,
5225,89.96,
5226,94.28,
5227,73.6,
5228,312.24,1.0
5229,256.08,
5230,111.49,
5231,143.91,
5232,107.35,
5233,177.44,1.0
5234,178.34,
5235,57.48,
5236,282.92,1.0
5237,75.0,
5238,125.0,
5239,200.41,
5240,466.11,1.0
5241,144.25,
5242,80.03,
5243,180.74,
5244,75.1,
5245,114.9,
5246,57.01,
5247,128.49,
5248,137.98,
5249,146.28,
5250,206.9,1.0
5251,81.93,
5252,136.07,
5253,95.83,
5254,120.29,
5255,197.07,1.0
5256,103.74,
5257,75.0,
5258,144.32,
5259,75.0,
5260,102.82,
5261,64.62,
5262,75.0,
5263,75.0,
5264,62.43,
5265,75.0,
5266,132.92,
5267,75.0,
5268,242.02,
5269,144.08,
5270,148.63,
5271,72.26,
5272,88.24,
5273,331.15,1.0
5274,119.6,
5275,142.71,
5276,93.58,
5277,183.79,1.0
5278,117.09,
5279,110.6,
5280,63.27,
5281,163.71,
5282,157.6,
5283,75.0,
5284,75.0,1.0
5285,172.79,1.0
5286,209.68,1.0
5287,163.14,1.0
5288,207.54,1.0
5289,117.45,1.0
5290,56.39,
5291,85.2,
5292,87.54,
5293,131.03,
5294,86.75,
5295,213.82,1.0
5296,75.0,1.0
5297,56.33,
5298,119.43,
5299,97.58,
5300,71.69,
5301,67.53,
5302,264.99,
5303,89.37,
5304,131.23,
5305,167.54,
5306,87.9,
5307,267.68,1.0
5308,203.57,
5309,100.56,
5310,98.22,
5311,61.29,
5312,116.66,
5313,129.77,
5314,111.2,
5315,75.0,
5316,123.9,
5317,75.0,
5318,92.02,
5319,262.03,
5320,75.0,
5321,69.61,
5322,676.7,
5323,203.16,
5324,100.57,
5325,82.36,
5326,120.29,
5327,115.13,
5328,75.0,
5329,85.39,
5330,117.82,
5331,164.05,
5332,75.0,
5333,98.8,
5334,75.0,
5335,91.81,
5336,197.14,
5337,75.0,
5338,201.58,
5339,155.36,
5340,75.0,
5341,67.67,
5342,192.85,
5343,652.22,
5344,172.71,
5345,130.03,
5346,128.24,
5347,137.39,
5348,75.0,1.0
5349,213.07,1.0
5350,98.79,
5351,53.52,
5352,86.51,
5353,184.53,
5354,149.92,
5355,75.0,
5356,119.4,
5357,75.0,
5358,75.0,
5359,256.41,
5360,157.28,
5361,199.8,
5362,100.74,
5363,75.0,1.0
5364,75.0,1.0
5365,178.8,1.0
5366,75.0,
5367,168.7,
5368,380.49,
5369,75.0,1.0
5370,523.88,1.0
5371,75.0,
5372,75.0,
5373,75.0,1.0
5374,119.88,
5375,60.67,
5376,75.0,
5377,145.19,
5378,75.0,
5379,120.55,1.0
5380,75.0,1.0
5381,108.64,
5382,220.22,1.0
5383,73.7,
5384,109.49,
5385,390.67,
5386,62.18,
5387,109.45,
5388,223.57,
5389,109.78,
5390,109.43,
5391,112.42,
5392,147.9,
5393,122.08,
5394,69.52,
5395,132.23,
5396,81.22,
5397,128.71,
5398,757.49,
5399,75.0,
5400,206.81,
5401,68.26,
5402,224.62,1.0
5403,75.0,
5404,274.24,1.0
5405,214.33,
5406,75.0,
5407,109.94,
5408,113.9,
5409,75.0,
5410,247.71,
5411,125.27,
5412,65.26,
5413,115.83,
5414,245.7,
5415,75.0,
5416,102.69,
5417,65.31,
5418,75.0,
5419,113.04,
5420,75.0,1.0
5421,138.04,
5422,138.81,
5423,104.78,
5424,147.69,
5425,117.34,
5426,147.43,
5427,156.42,
5428,151.25,
5429,149.45,
5430,184.3,1.0
5431,239.1,1.0
5432,264.98,1.0
5433,163.61,
5434,153.19,
5435,92.93,
5436,75.0,
5437,277.18,
5438,116.7,
5439,80.84,
5440,184.95,
5441,93.53,
5442,85.63,
5443,58.59,
5444,88.33,
5445,56.71,
5446,218.04,
5447,80.73,
5448,210.44,
5449,162.75,
5450,113.47,
5451,170.23,
5452,75.0,
5453,98.93,
5454,68.36,
5455,282.65,1.0
5456,89.9,
5457,219.77,1.0
5458,73.01,
5459,107.04,
5460,75.0,1.0
5461,104.22,
5462,119.72,
5463,116.29,
5464,71.21,
5465,181.74,
5466,124.93,
5467,75.0,
5468,78.4,
5469,209.58,1.0
5470,96.11,
5471,199.17,1.0
5472,90.04,
5473,363.23,1.0
5474,209.46,1.0
5475,75.0,1.0
5476,115.23,
5477,75.0,
5478,51.84,
5479,100.73,
5480,141.68,
5481,100.41,
5482,75.0,
5483,214.93,
5484,221.89,
5485,166.51,
5486,138.69,
5487,75.0,
5488,53.42,
5489,109.28,1.0
5490,55.33,
5491,123.14,
5492,75.0,
5493,85.75,
5494,144.56,
5495,75.83,
5496,91.5,
5497,130.05,
5498,486.7,
5499,187.69,1.0
5500,83.0,
5501,281.99,1.0
5502,75.0,
5503,61.86,
5504,74.81,
5505,111.55,
5506,128.42,
5507,296.15,
5508,302.48,1.0
5509,183.33,1.0
5510,116.72,
5511,57.25,
5512,286.46,
5513,182.38,
5514,75.0,
5515,56.49,
5516,75.0,1.0
5517,102.45,
5518,267.07,
5519,83.52,
5520,75.0,
5521,91.45,
5522,107.13,
5523,173.07,
5524,114.83,
5525,75.0,
5526,123.99,
5527,223.81,1.0
5528,95.15,
5529,54.3,
5530,305.36,1.0
5531,109.87,
5532,101.82,
5533,69.13,
5534,193.53,
5535,117.28,
5536,128.06,
5537,57.18,
5538,189.59,
5539,88.51,
5540,172.58,1.0
5541,178.67,1.0
5542,139.85,
5543,289.22,1.0
5544,118.08,
5545,105.17,
5546,58.5,
5547,199.13,1.0
5548,82.91,
5549,138.54,
5550,159.23,
5551,75.0,
5552,75.01,
5553,76.65,
5554,84.06,
5555,160.54,
5556,258.08,1.0
5557,211.69,1.0
5558,324.16,1.0
5559,208.28,1.0
5560,256.15,1.0
5561,75.0,1.0
5562,504.73,1.0
5563,75.0,
5564,75.0,1.0
5565,96.37,
5566,75.0,1.0
5567,218.34,1.0
5568,119.62,
5569,76.67,
5570,173.64,
5571,96.37,
5572,71.86,
5573,130.56,
5574,214.98,1.0
5575,204.35,1.0
5576,198.91,1.0
5577,229.64,1.0
5578,122.02,
5579,57.29,
5580,220.83,1.0
5581,75.0,
5582,159.62,1.0
5583,232.57,1.0
5584,140.49,
5585,160.27,
5586,130.04,
5587,75.0,
5588,115.78,
5589,78.48,
5590,222.99,
5591,220.5,1.0
5592,104.45,
5593,75.0,1.0
5594,75.0,
5595,88.62,
5596,75.0,1.0
5597,216.0,
5598,134.58,
5599,75.0,
5600,81.16,
5601,75.9,
5602,211.7,1.0
5603,322.63,1.0
5604,75.0,
5605,196.65,1.0
5606,137.04,
5607,102.39,
5608,124.97,
5609,185.55,
5610,138.9,
5611,90.41,
5612,69.58,
5613,73.41,
5614,95.7,
5615,133.34,
5616,272.45,1.0
5617,112.06,
5618,98.51,
5619,195.38,
5620,75.0,
5621,67.03,
5622,149.73,
5623,96.33,
5624,274.06,1.0
5625,85.35,
5626,75.0,
5627,69.0,
5628,124.91,
5629,72.42,
5630,244.35,
5631,322.43,1.0
5632,371.84,1.0
5633,238.53,1.0
5634,209.54,1.0
5635,265.83,1.0
5636,264.07,1.0
5637,195.56,1.0
5638,234.35,1.0
5639,198.82,1.0
5640,91.67,
5641,74.1,
5642,237.81,1.0
5643,67.24,
5644,227.56,1.0
5645,204.82,1.0
5646,139.55,
5647,75.0,1.0
5648,123.88,
5649,237.51,
5650,120.93,
5651,75.0,
5652,312.04,1.0
5653,118.82,
5654,57.37,
5655,75.0,
5656,223.66,1.0
5657,138.59,
5658,310.86,1.0
5659,75.0,1.0
