s,c,specialistAtCenter
196,161,1
197,62,1
198,101,1
199,228,1
200,263,1
201,124,1
202,229,1
203,8,1
204,8,1
205,229,1
206,39,1
206,229,1
207,8,1
208,8,1
210,8,1
211,8,1
212,33,1
213,206,1
214,229,1
216,39,1
218,229,1
219,155,1
220,39,1
221,39,1
223,33,1
223,259,1
224,190,1
226,160,1
227,206,1
228,206,1
229,163,1
230,229,1
231,160,1
231,227,1
232,229,1
233,47,1
234,229,1
235,229,1
236,66,1
236,107,1
237,35,1
237,229,1
238,39,1
239,192,1
241,33,1
241,231,1
242,186,1
243,35,1
245,102,1
245,214,1
246,164,1
247,9,1
247,63,1
248,106,1
249,92,1
251,99,1
252,18,1
252,218,1
253,143,1
254,281,1
255,275,1
256,29,1
258,110,1
258,259,1
259,36,1
261,35,1
261,240,1
262,35,1
263,22,1
263,113,1
265,41,1
265,240,1
266,61,1
266,135,1
267,35,1
268,35,1
270,194,1
271,41,1
272,39,1
273,35,1
274,265,1
275,52,1
278,35,1
278,97,1
279,112,1
280,259,1
281,218,1
282,9,1
283,259,1
284,265,1
285,9,1
286,72,1
287,85,1
287,152,1
289,47,1
289,88,1
290,214,1
290,259,1
291,41,1
292,47,1
292,143,1
293,229,1
294,135,1
295,88,1
296,228,1
296,281,1
297,275,1
298,228,1
299,34,1
300,226,1
301,35,1
302,35,1
302,95,1
303,93,1
306,18,1
306,97,1
307,41,1
308,200,1
309,206,1
309,229,1
311,234,1
313,231,1
313,272,1
314,161,1
315,76,1
315,228,1
316,94,1
317,259,1
318,97,1
320,160,1
321,76,1
322,123,1
323,44,1
323,228,1
324,41,1
324,42,1
325,101,1
329,265,1
330,265,1
331,18,1
331,27,1
332,113,1
333,55,1
333,72,1
334,76,1
336,76,1
336,228,1
337,35,1
337,167,1
338,59,1
338,228,1
338,255,1
338,265,1
339,79,1
340,150,1
341,265,1
342,9,1
343,76,1
343,257,1
344,125,1
345,35,1
346,41,1
347,258,1
348,97,1
350,59,1
352,88,1
353,200,1
354,52,1
354,219,1
355,113,1
357,236,1
358,277,1
359,97,1
360,162,1
361,47,1
362,33,1
363,269,1
365,220,1
366,199,1
367,41,1
368,228,1
369,131,1
370,73,1
372,271,1
373,243,1
375,150,1
378,8,1
379,125,1
380,51,1
380,101,1
381,143,1
382,35,1
384,216,1
385,112,1
386,99,1
387,205,1
388,80,1
389,35,1
390,263,1
391,35,1
391,199,1
392,18,1
393,151,1
394,52,1
394,125,1
395,35,1
395,281,1
396,41,1
398,35,1
398,97,1
399,35,1
399,63,1
401,93,1
402,244,1
402,251,1
403,39,1
404,228,1
405,139,1
406,211,1
407,129,1
408,41,1
408,102,1
410,35,1
411,41,1
412,143,1
413,62,1
413,263,1
414,101,1
415,263,1
416,281,1
417,186,1
418,88,1
420,111,1
421,47,1
421,110,1
421,137,1
422,46,1
423,97,1
424,35,1
424,97,1
425,236,1
426,40,1
427,69,1
428,97,1
429,165,1
429,245,1
430,125,1
431,128,1
432,204,1
433,257,1
434,144,1
435,170,1
435,176,1
436,47,1
437,158,1
438,25,1
439,95,1
440,259,1
441,53,1
441,76,1
443,88,1
444,56,1
445,101,1
446,63,1
446,263,1
447,76,1
448,128,1
448,218,1
449,35,1
450,281,1
451,35,1
451,220,1
452,243,1
453,155,1
455,41,1
456,35,1
458,5,1
458,111,1
458,263,1
460,46,1
460,135,1
461,33,1
462,95,1
463,35,1
464,35,1
465,240,1
465,265,1
466,46,1
467,71,1
468,41,1
470,263,1
472,97,1
472,228,1
473,33,1
474,63,1
474,228,1
475,56,1
476,97,1
476,131,1
478,52,1
479,95,1
480,35,1
481,9,1
482,35,1
483,172,1
484,35,1
485,164,1
486,33,1
487,135,1
488,101,1
489,99,1
490,158,1
491,164,1
492,209,1
493,209,1
494,143,1
495,172,1
497,35,1
498,7,1
499,95,1
500,35,1
501,263,1
502,73,1
503,33,1
504,97,1
505,262,1
506,176,1
506,225,1
507,35,1
509,41,1
510,88,1
511,35,1
512,40,1
513,199,1
514,143,1
515,263,1
516,59,1
517,258,1
519,33,1
520,39,1
521,265,1
522,35,1
522,265,1
523,234,1
524,63,1
526,209,1
527,206,1
528,35,1
529,101,1
529,264,1
530,263,1
531,62,1
531,198,1
532,80,1
533,125,1
534,41,1
535,62,1
536,61,1
537,218,1
538,35,1
539,40,1
540,143,1
541,246,1
542,37,1
543,172,1
546,151,1
547,5,1
548,35,1
549,47,1
550,97,1
551,40,1
552,93,1
553,30,1
554,275,1
555,131,1
556,41,1
557,263,1
558,226,1
559,143,1
561,46,1
562,125,1
562,222,1
563,46,1
564,135,1
565,219,1
566,259,1
567,74,1
567,127,1
568,120,1
569,9,1
569,262,1
570,182,1
571,112,1
572,64,1
573,93,1
574,33,1
575,71,1
575,208,1
576,35,1
577,226,1
578,97,1
578,218,1
579,128,1
580,275,1
581,191,1
582,37,1
583,37,1
584,198,1
584,264,1
585,18,1
586,128,1
586,275,1
587,125,1
587,143,1
588,160,1
588,257,1
589,228,1
590,97,1
591,35,1
592,151,1
593,265,1
594,151,1
594,169,1
595,9,1
595,35,1
596,243,1
599,92,1
599,262,1
600,257,1
601,20,1
602,128,1
603,218,1
605,263,1
606,269,1
607,41,1
607,47,1
609,261,1
610,97,1
611,41,1
612,150,1
613,151,1
614,41,1
614,240,1
615,9,1
616,36,1
616,97,1
619,62,1
619,65,1
619,198,1
621,35,1
623,30,1
623,64,1
623,192,1
624,280,1
625,40,1
626,39,1
627,41,1
629,178,1
630,43,1
631,269,1
632,87,1
633,228,1
634,128,1
635,35,1
636,104,1
637,35,1
638,191,1
639,35,1
640,125,1
641,282,1
643,240,1
644,211,1
645,236,1
646,35,1
647,62,1
648,263,1
649,240,1
649,265,1
650,93,1
651,35,1
652,35,1
653,9,1
654,9,1
655,44,1
656,281,1
657,112,1
658,143,1
660,236,1
661,75,1
662,145,1
663,243,1
664,277,1
665,59,1
666,209,1
666,228,1
667,206,1
668,97,1
669,234,1
670,281,1
671,48,1
671,63,1
671,175,1
671,216,1
671,237,1
672,20,1
675,114,1
677,101,1
679,75,1
679,262,1
680,29,1
680,129,1
680,204,1
680,211,1
681,42,1
681,102,1
682,263,1
683,257,1
684,35,1
685,265,1
686,144,1
687,35,1
688,163,1
689,41,1
689,68,1
691,12,1
692,137,1
693,44,1
694,168,1
694,257,1
695,35,1
696,35,1
697,255,1
699,135,1
699,258,1
700,74,1
700,127,1
700,145,1
700,153,1
700,213,1
701,131,1
702,131,1
704,245,1
705,41,1
706,24,1
707,137,1
708,265,1
709,8,1
710,97,1
711,143,1
712,269,1
713,131,1
714,64,1
714,233,1
715,245,1
716,139,1
716,179,1
716,244,1
716,266,1
717,211,1
718,213,1
719,139,1
719,251,1
720,35,1
721,33,1
721,35,1
722,282,1
723,259,1
724,7,1
726,63,1
726,232,1
727,128,1
728,73,1
729,3,1
730,35,1
731,161,1
732,206,1
733,97,1
733,271,1
734,282,1
735,206,1
736,125,1
737,160,1
740,236,1
741,97,1
742,41,1
743,58,1
744,20,1
746,229,1
747,8,1
748,8,1
749,229,1
750,229,1
751,8,1
752,8,1
753,33,1
754,8,1
754,33,1
755,39,1
756,229,1
757,39,1
758,63,1
759,39,1
760,39,1
761,39,1
763,39,1
764,8,1
769,143,1
770,5,1
772,35,1
773,218,1
774,40,1
775,63,1
776,35,1
777,5,1
778,84,1
779,35,1
780,278,1
781,46,1
781,211,1
783,282,1
784,18,1
785,272,1
787,206,1
788,9,1
789,8,1
790,227,1
791,228,1
792,229,1
793,46,1
794,97,1
795,153,1
795,213,1
797,76,1
797,228,1
798,80,1
799,35,1
799,131,1
800,271,1
801,135,1
802,47,1
802,143,1
803,68,1
803,214,1
804,35,1
805,150,1
806,125,1
807,97,1
808,8,1
808,206,1
809,99,1
810,243,1
811,135,1
812,35,1
813,39,1
814,163,1
815,8,1
816,33,1
817,229,1
819,39,1
821,39,1
822,39,1
823,229,1
824,39,1
825,39,1
826,39,1
828,206,1
829,190,1
829,256,1
830,144,1
830,190,1
831,206,1
832,206,1
833,8,1
834,9,1
834,35,1
835,139,1
836,148,1
836,154,1
836,201,1
837,39,1
838,40,1
839,47,1
840,125,1
841,35,1
842,263,1
844,40,1
845,265,1
846,208,1
847,137,1
849,34,1
850,3,1
852,233,1
852,277,1
853,35,1
854,125,1
856,241,1
856,254,1
857,92,1
858,92,1
858,153,1
859,40,1
860,35,1
861,160,1
862,23,1
863,174,1
863,191,1
864,223,1
866,29,1
867,259,1
870,137,1
871,182,1
873,203,1
874,206,1
875,206,1
876,265,1
877,33,1
878,29,1
879,190,1
880,97,1
881,7,1
881,214,1
883,63,1
883,107,1
884,199,1
885,139,1
886,114,1
886,277,1
887,115,1
890,68,1
891,67,1
892,163,1
893,168,1
893,173,1
893,257,1
894,209,1
895,7,1
896,228,1
897,206,1
899,131,1
899,263,1
900,66,1
900,237,1
901,71,1
902,234,1
903,29,1
904,84,1
905,20,1
905,277,1
906,131,1
906,263,1
909,136,1
909,259,1
910,29,1
910,216,1
911,35,1
912,227,1
912,233,1
913,265,1
915,3,1
916,8,1
917,236,1
919,88,1
920,88,1
922,75,1
923,236,1
924,35,1
925,44,1
925,97,1
927,92,1
929,51,1
929,120,1
929,241,1
930,257,1
931,164,1
931,223,1
934,150,1
935,3,1
936,188,1
936,197,1
936,214,1
937,204,1
938,72,1
938,152,1
938,250,1
939,247,1
940,85,1
940,152,1
941,180,1
941,200,1
941,247,1
942,200,1
942,247,1
944,101,1
946,212,1
947,25,1
949,196,1
949,243,1
951,41,1
952,278,1
953,229,1
954,255,1
954,266,1
956,101,1
956,171,1
957,35,1
959,211,1
959,233,1
960,262,1
961,139,1
962,267,1
963,246,1
964,33,1
966,80,1
967,35,1
968,87,1
969,125,1
970,58,1
971,84,1
971,97,1
971,226,1
972,226,1
973,129,1
974,41,1
974,143,1
975,151,1
976,9,1
978,62,1
978,101,1
978,113,1
978,264,1
979,125,1
980,277,1
982,229,1
983,259,1
984,25,1
985,170,1
986,141,1
986,148,1
986,201,1
986,245,1
987,141,1
987,148,1
987,201,1
987,221,1
988,199,1
989,265,1
991,125,1
992,46,1
993,245,1
994,228,1
995,170,1
996,236,1
997,113,1
998,125,1
1001,135,1
1004,113,1
1006,7,1
1006,76,1
1007,259,1
1008,33,1
1009,131,1
1009,171,1
1011,20,1
1012,29,1
1012,164,1
1014,164,1
1015,139,1
1017,233,1
1018,147,1
1019,33,1
1020,225,1
1021,35,1
1022,40,1
1024,7,1
1025,218,1
1026,183,1
1026,247,1
1027,8,1
1028,277,1
1029,211,1
1030,268,1
1031,5,1
1031,29,1
1032,143,1
1033,18,1
1033,218,1
1034,126,1
1034,169,1
1034,177,1
1035,210,1
1036,170,1
1037,39,1
1040,62,1
1040,264,1
1042,216,1
1043,230,1
1044,225,1
1045,97,1
1045,128,1
1046,233,1
1047,97,1
1048,236,1
1049,35,1
1049,131,1
1050,184,1
1051,163,1
1053,29,1
1054,40,1
1055,72,1
1056,125,1
1056,170,1
1058,257,1
1059,97,1
1060,206,1
1061,55,1
1061,270,1
1062,150,1
1063,139,1
1064,218,1
1065,228,1
1067,245,1
1068,35,1
1068,272,1
1070,8,1
1071,229,1
1072,229,1
1073,229,1
1074,8,1
1075,8,1
1077,263,1
1081,33,1
1082,33,1
1083,272,1
1084,39,1
1085,8,1
1088,144,1
1088,229,1
1088,256,1
1089,160,1
1091,206,1
1092,206,1
1093,39,1
1095,229,1
1097,229,1
1098,83,1
1098,161,1
1098,281,1
1099,170,1
1100,18,1
1100,218,1
1102,123,1
1102,218,1
1103,123,1
1103,128,1
1104,72,1
1105,35,1
1106,236,1
1107,35,1
1108,61,1
1109,61,1
1109,135,1
1110,35,1
1111,115,1
1112,163,1
1113,191,1
1114,164,1
1115,257,1
1116,35,1
1117,206,1
1118,201,1
1119,163,1
1120,112,1
1121,101,1
1121,241,1
1122,230,1
1122,245,1
1123,120,1
1123,241,1
1124,204,1
1126,114,1
1126,277,1
1127,230,1
1127,244,1
1127,251,1
1128,161,1
1128,228,1
1129,179,1
1129,244,1
1130,35,1
1131,161,1
1132,259,1
1135,150,1
1137,163,1
1138,92,1
1139,243,1
1140,80,1
1141,35,1
1142,176,1
1143,245,1
1144,225,1
1145,32,1
1145,52,1
1146,35,1
1146,97,1
1147,66,1
1148,8,1
1148,33,1
1149,5,1
1150,128,1
1151,47,1
1152,97,1
1152,265,1
1153,233,1
1154,110,1
1155,151,1
1156,137,1
1157,8,1
1158,191,1
1159,33,1
1162,40,1
1163,64,1
1164,9,1
1165,265,1
1166,112,1
1167,33,1
1168,265,1
1169,83,1
1169,281,1
1170,39,1
1171,276,1
1172,265,1
1173,206,1
1173,229,1
1175,9,1
1176,278,1
1177,263,1
1178,88,1
1179,40,1
1180,84,1
1180,275,1
1181,18,1
1181,27,1
1182,276,1
1183,95,1
1184,236,1
1184,271,1
1185,12,1
1185,99,1
1185,126,1
1186,131,1
1186,226,1
1188,84,1
1189,93,1
1190,37,1
1191,200,1
1192,223,1
1193,35,1
1193,240,1
1195,29,1
1196,9,1
1197,33,1
1198,35,1
1199,37,1
1200,40,1
1201,257,1
1202,37,1
1203,35,1
1204,125,1
1204,143,1
1205,278,1
1206,259,1
1207,7,1
1208,275,1
1209,97,1
1210,97,1
1211,44,1
1213,136,1
1214,52,1
1214,75,1
1215,139,1
1217,35,1
1218,33,1
1220,37,1
1221,112,1
1223,35,1
1223,169,1
1224,101,1
1225,7,1
1226,151,1
1227,47,1
1229,44,1
1230,184,1
1230,258,1
1231,41,1
1232,30,1
1233,101,1
1234,189,1
1234,210,1
1235,263,1
1236,149,1
1236,228,1
1237,44,1
1238,144,1
1239,94,1
1240,280,1
1241,139,1
1241,141,1
1241,165,1
1242,263,1
1243,35,1
1244,128,1
1245,44,1
1247,228,1
1248,163,1
1249,37,1
1250,35,1
1251,35,1
1252,41,1
1253,35,1
1254,125,1
1255,272,1
1256,257,1
1257,137,1
1258,35,1
1259,47,1
1261,8,1
1262,35,1
1262,188,1
1263,144,1
1265,99,1
1266,35,1
1268,35,1
1269,282,1
1270,269,1
1271,170,1
1272,125,1
1273,7,1
1274,215,1
1275,40,1
1276,41,1
1277,257,1
1278,137,1
1279,276,1
1280,93,1
1281,35,1
1281,97,1
1282,41,1
1282,68,1
1283,228,1
1284,35,1
1285,236,1
1287,7,1
1288,228,1
1289,263,1
1290,41,1
1290,271,1
1291,35,1
1292,52,1
1292,257,1
1293,265,1
1294,278,1
1295,76,1
1296,271,1
1297,41,1
1299,71,1
1300,35,1
1301,278,1
1302,62,1
1303,245,1
1304,39,1
1305,137,1
1306,265,1
1307,263,1
1308,35,1
1308,276,1
1309,41,1
1311,137,1
1312,150,1
1313,162,1
1314,63,1
1315,143,1
1316,236,1
1317,9,1
1318,160,1
1319,84,1
1321,135,1
1322,102,1
1323,278,1
1324,226,1
1325,234,1
1326,5,1
1326,263,1
1327,272,1
1329,29,1
1330,150,1
1331,243,1
1332,35,1
1334,281,1
1335,145,1
1336,20,1
1338,149,1
1339,236,1
1340,102,1
1341,35,1
1342,264,1
1344,35,1
1345,35,1
1346,226,1
1348,143,1
1348,222,1
1349,265,1
1350,205,1
1350,225,1
1350,236,1
1351,144,1
1353,41,1
1354,76,1
1355,137,1
1355,276,1
1356,128,1
1357,144,1
1358,40,1
1359,35,1
1360,199,1
1361,228,1
1362,259,1
1363,259,1
1364,131,1
1365,56,1
1366,84,1
1366,226,1
1367,136,1
1368,72,1
1369,33,1
1371,199,1
1372,35,1
1372,137,1
1372,197,1
1373,35,1
1374,176,1
1374,257,1
1375,5,1
1376,268,1
1377,271,1
1378,263,1
1379,144,1
1380,160,1
1382,8,1
1384,40,1
1385,93,1
1386,39,1
1387,137,1
1388,101,1
1388,264,1
1390,137,1
1391,59,1
1392,258,1
1393,102,1
1393,214,1
1394,275,1
1395,35,1
1396,124,1
1396,243,1
1397,259,1
1399,137,1
1400,257,1
1401,125,1
1402,43,1
1403,204,1
1403,233,1
1403,271,1
1405,52,1
1406,228,1
1407,137,1
1408,278,1
1409,97,1
1411,9,1
1413,259,1
1414,271,1
1415,40,1
1417,41,1
1418,68,1
1418,259,1
1419,158,1
1420,63,1
1420,218,1
1421,275,1
1422,135,1
1423,259,1
1424,63,1
1426,35,1
1429,64,1
1430,44,1
1431,265,1
1432,128,1
1433,93,1
1434,151,1
1435,259,1
1435,276,1
1436,58,1
1437,80,1
1438,68,1
1438,143,1
1439,101,1
1441,163,1
1443,80,1
1444,30,1
1445,41,1
1446,35,1
1446,143,1
1447,228,1
1448,228,1
1449,30,1
1450,265,1
1451,35,1
1452,35,1
1453,211,1
1454,139,1
1454,148,1
1454,244,1
1455,35,1
1456,137,1
1457,101,1
1457,113,1
1458,63,1
1459,9,1
1460,263,1
1460,265,1
1461,41,1
1462,7,1
1465,259,1
1466,257,1
1468,76,1
1468,228,1
1469,66,1
1469,107,1
1470,263,1
1472,79,1
1472,137,1
1473,282,1
1474,35,1
1475,80,1
1476,275,1
1477,214,1
1478,35,1
1479,131,1
1480,22,1
1480,101,1
1481,202,1
1482,228,1
1483,164,1
1484,228,1
1485,35,1
1486,163,1
1487,41,1
1488,199,1
1489,9,1
1489,35,1
1490,163,1
1491,143,1
1492,35,1
1493,35,1
1494,243,1
1495,218,1
1496,80,1
1497,35,1
1498,243,1
1499,9,1
1501,263,1
1503,278,1
1504,121,1
1505,280,1
1506,7,1
1510,206,1
1511,206,1
1512,56,1
1513,75,1
1514,172,1
1515,52,1
1515,125,1
1516,226,1
1517,281,1
1518,25,1
1519,75,1
1520,128,1
1521,9,1
1522,144,1
1523,35,1
1524,155,1
1525,97,1
1526,112,1
1527,35,1
1528,135,1
1529,229,1
1530,35,1
1531,137,1
1532,82,1
1534,46,1
1535,8,1
1536,80,1
1538,234,1
1539,42,1
1541,259,1
1542,209,1
1543,209,1
1545,206,1
1546,257,1
1547,56,1
1548,80,1
1549,139,1
1550,115,1
1552,271,1
1553,99,1
1554,37,1
1555,135,1
1556,71,1
1556,265,1
1557,275,1
1560,151,1
1561,125,1
1562,35,1
1563,35,1
1564,68,1
1564,151,1
1565,35,1
1566,63,1
1566,128,1
1567,206,1
1569,269,1
1570,22,1
1570,113,1
1571,75,1
1572,76,1
1573,88,1
1574,103,1
1574,106,1
1575,35,1
1575,73,1
1577,100,1
1577,143,1
1578,143,1
1579,65,1
1579,101,1
1579,264,1
1581,35,1
1582,35,1
1583,97,1
1584,35,1
1584,143,1
1585,35,1
1586,92,1
1587,35,1
1588,151,1
1589,41,1
1590,99,1
1591,35,1
1592,112,1
1593,128,1
1593,275,1
1594,125,1
1595,135,1
1596,137,1
1600,13,1
1601,95,1
1601,103,1
1602,112,1
1603,7,1
1604,88,1
1604,95,1
1605,222,1
1606,88,1
1608,269,1
1609,144,1
1610,257,1
1612,282,1
1613,125,1
1614,9,1
1614,65,1
1614,198,1
1615,76,1
1615,170,1
1617,191,1
1618,12,1
1618,99,1
1619,228,1
1620,150,1
1621,144,1
1622,243,1
1624,41,1
1625,165,1
1626,228,1
1627,208,1
1628,178,1
1629,137,1
1630,182,1
1631,62,1
1631,101,1
1631,264,1
1632,35,1
1633,41,1
1634,137,1
1634,238,1
1635,35,1
1636,199,1
1638,7,1
1639,64,1
1640,233,1
1641,22,1
1641,113,1
1641,264,1
1642,40,1
1643,5,1
1644,135,1
1645,259,1
1646,47,1
1647,275,1
1648,151,1
1649,143,1
1650,206,1
1651,64,1
1652,47,1
1653,95,1
1654,184,1
1656,143,1
1658,47,1
1659,62,1
1661,35,1
1662,25,1
1663,80,1
1664,97,1
1666,202,1
1666,212,1
1667,143,1
1668,234,1
1669,127,1
1671,12,1
1672,164,1
1673,97,1
1674,228,1
1675,62,1
1676,41,1
1677,72,1
1678,211,1
1679,141,1
1682,179,1
1682,230,1
1685,35,1
1686,259,1
1688,41,1
1690,278,1
1691,35,1
1691,59,1
1692,95,1
1693,121,1
1694,41,1
1694,110,1
1695,144,1
1695,211,1
1696,282,1
1697,7,1
1698,139,1
1699,101,1
1701,72,1
1702,277,1
1704,41,1
1705,84,1
1706,277,1
1707,35,1
1708,263,1
1709,150,1
1709,236,1
1710,35,1
1711,35,1
1712,9,1
1713,228,1
1714,35,1
1715,144,1
1715,228,1
1716,243,1
1717,35,1
1718,7,1
1719,141,1
1719,221,1
1719,245,1
1720,71,1
1720,139,1
1721,155,1
1722,194,1
1723,245,1
1724,173,1
1725,200,1
1726,233,1
1727,134,1
1728,34,1
1728,61,1
1728,129,1
1728,171,1
1729,35,1
1730,29,1
1730,216,1
1730,223,1
1731,25,1
1732,188,1
1732,197,1
1733,137,1
1734,263,1
1734,265,1
1735,62,1
1735,65,1
1735,264,1
1736,143,1
1737,135,1
1737,137,1
1738,63,1
1738,128,1
1739,41,1
1740,135,1
1743,63,1
1743,159,1
1744,9,1
1745,207,1
1746,141,1
1746,148,1
1747,41,1
1748,128,1
1749,164,1
1750,114,1
1751,277,1
1752,35,1
1753,35,1
1753,143,1
1754,41,1
1754,240,1
1755,271,1
1756,41,1
1757,137,1
1758,269,1
1759,40,1
1760,67,1
1761,137,1
1762,199,1
1763,35,1
1764,263,1
1765,41,1
1767,9,1
1768,35,1
1768,70,1
1768,143,1
1769,33,1
1770,12,1
1771,24,1
1772,137,1
1773,18,1
1774,68,1
1774,259,1
1775,174,1
1776,87,1
1777,143,1
1778,194,1
1779,8,1
1779,259,1
1780,8,1
1781,229,1
1783,8,1
1784,8,1
1786,77,1
1787,229,1
1787,272,1
1788,39,1
1789,229,1
1791,39,1
1792,39,1
1793,39,1
1794,39,1
1795,39,1
1796,227,1
1798,35,1
1799,228,1
1800,76,1
1800,228,1
1801,229,1
1802,229,1
1803,159,1
1804,113,1
1806,95,1
1807,7,1
1808,125,1
1809,191,1
1810,44,1
1812,40,1
1813,97,1
1814,137,1
1815,59,1
1816,12,1
1817,47,1
1817,70,1
1817,276,1
1818,137,1
1819,58,1
1820,169,1
1822,59,1
1823,47,1
1823,82,1
1824,243,1
1825,128,1
1826,206,1
1829,5,1
1830,64,1
1830,236,1
1831,22,1
1831,101,1
1831,120,1
1831,264,1
1832,177,1
1833,9,1
1835,35,1
1835,69,1
1836,35,1
1837,125,1
1838,35,1
1839,233,1
1841,125,1
1842,52,1
1843,41,1
1844,40,1
1845,137,1
1846,35,1
1847,41,1
1848,262,1
1849,22,1
1849,101,1
1850,229,1
1852,163,1
1853,8,1
1854,8,1
1855,229,1
1856,229,1
1856,272,1
1858,229,1
1859,39,1
1860,39,1
1861,39,1
1862,30,1
1863,265,1
1864,151,1
1865,99,1
1865,151,1
1866,71,1
1867,145,1
1868,184,1
1869,263,1
1870,137,1
1871,68,1
1872,202,1
1873,37,1
1875,28,1
1875,204,1
1876,37,1
1878,76,1
1879,35,1
1880,35,1
1882,7,1
1883,135,1
1884,259,1
1885,35,1
1886,135,1
1887,99,1
1887,143,1
1887,151,1
1888,101,1
1889,39,1
1891,144,1
1891,227,1
1891,256,1
1892,41,1
1893,41,1
1894,227,1
1895,229,1
1896,206,1
1896,229,1
1897,163,1
1900,154,1
1900,179,1
1901,228,1
1902,41,1
1903,41,1
1904,41,1
1905,271,1
1906,257,1
1907,161,1
1910,52,1
1910,125,1
1911,56,1
1911,123,1
1912,125,1
1914,94,1
1914,150,1
1915,25,1
1917,143,1
1919,150,1
1919,170,1
1921,259,1
1922,63,1
1922,139,1
1923,265,1
1924,164,1
1924,218,1
1926,128,1
1926,218,1
1928,137,1
1929,41,1
1930,265,1
1931,47,1
1933,29,1
1933,48,1
1933,66,1
1933,216,1
1935,281,1
1936,35,1
1937,37,1
1938,8,1
1939,163,1
1941,9,1
1942,211,1
1943,259,1
1944,131,1
1944,263,1
1946,88,1
1947,144,1
1948,163,1
1949,35,1
1950,191,1
1952,35,1
1952,199,1
1953,263,1
1954,35,1
1957,206,1
1959,125,1
1960,84,1
1961,3,1
1962,179,1
1963,64,1
1964,263,1
1965,243,1
1966,41,1
1967,209,1
1968,206,1
1969,92,1
1970,35,1
1970,149,1
1972,35,1
1973,208,1
1974,52,1
1975,228,1
1976,35,1
1977,88,1
1978,35,1
1979,33,1
1981,33,1
1982,265,1
1983,135,1
1984,47,1
1984,143,1
1985,179,1
1985,201,1
1985,230,1
1985,244,1
1986,170,1
1987,150,1
1988,209,1
1989,111,1
1989,158,1
1991,150,1
1993,35,1
1993,59,1
1993,265,1
1994,35,1
1994,63,1
1995,272,1
1997,97,1
1998,101,1
1999,206,1
2000,263,1
2001,62,1
2001,65,1
2001,264,1
2002,41,1
2003,92,1
2003,203,1
2004,35,1
2006,35,1
2007,35,1
2007,240,1
2008,137,1
2008,188,1
2009,52,1
2011,72,1
2012,55,1
2012,72,1
2013,160,1
2014,37,1
2015,259,1
2016,35,1
2016,265,1
2017,22,1
2017,101,1
2018,88,1
2018,103,1
2019,137,1
2020,35,1
2021,170,1
2021,257,1
2022,71,1
2022,240,1
2023,265,1
2024,129,1
2024,191,1
2025,3,1
2026,144,1
2026,256,1
2027,9,1
2029,259,1
2030,56,1
2030,128,1
2031,41,1
2032,40,1
2033,35,1
2034,41,1
2036,263,1
2037,97,1
2038,259,1
2040,47,1
2041,262,1
2042,139,1
2043,23,1
2043,277,1
2044,13,1
2044,101,1
2045,164,1
2046,26,1
2046,236,1
2046,266,1
2047,76,1
2047,225,1
2047,228,1
2048,201,1
2048,245,1
2049,97,1
2049,128,1
2050,128,1
2052,34,1
2053,29,1
2053,164,1
2053,262,1
2054,33,1
2055,92,1
2056,128,1
2056,275,1
2058,62,1
2058,101,1
2060,99,1
2060,143,1
2061,125,1
2062,99,1
2062,169,1
2063,259,1
2064,184,1
2064,258,1
2065,228,1
2066,263,1
2067,58,1
2068,25,1
2069,35,1
2070,271,1
2071,125,1
2072,41,1
2073,41,1
2074,228,1
2074,257,1
2075,204,1
2077,58,1
2078,95,1
2078,135,1
2079,163,1
2080,35,1
2081,139,1
2081,244,1
2082,35,1
2083,35,1
2084,208,1
2085,35,1
2087,92,1
2088,13,1
2089,35,1
2090,199,1
2091,97,1
2092,255,1
2093,263,1
2094,55,1
2094,272,1
2096,20,1
2096,152,1
2097,160,1
2098,206,1
2099,107,1
2099,237,1
2100,152,1
2102,125,1
2104,233,1
2105,30,1
2106,97,1
2106,215,1
2107,35,1
2108,35,1
2109,234,1
2110,128,1
2110,218,1
2111,35,1
2112,184,1
2114,259,1
2115,218,1
2116,112,1
2117,35,1
2118,97,1
2119,211,1
2119,277,1
2120,41,1
2121,257,1
2122,257,1
2123,277,1
2124,184,1
2125,164,1
2126,35,1
2127,112,1
2129,87,1
2130,99,1
2131,209,1
2132,268,1
2134,35,1
2135,58,1
2136,64,1
2137,125,1
2138,121,1
2139,35,1
2140,199,1
2141,202,1
2141,212,1
2142,33,1
2143,66,1
2143,202,1
2145,244,1
2146,63,1
2146,139,1
2146,218,1
2147,35,1
2149,63,1
2149,139,1
2150,58,1
2151,35,1
2152,99,1
2153,265,1
2154,35,1
2155,39,1
2156,76,1
2157,97,1
2159,62,1
2162,139,1
2163,201,1
2165,144,1
2165,257,1
2166,281,1
2168,92,1
2170,163,1
2171,62,1
2171,101,1
2172,274,1
2173,243,1
2174,135,1
2175,107,1
2176,208,1
2177,36,1
2178,203,1
2179,265,1
2181,29,1
2182,229,1
2183,204,1
2185,148,1
2185,154,1
2186,120,1
2186,254,1
2189,23,1
2189,211,1
2190,139,1
2191,216,1
2192,186,1
2196,226,1
2197,35,1
2198,163,1
2199,229,1
2200,7,1
2201,206,1
2203,155,1
2204,84,1
2204,97,1
2205,257,1
2206,101,1
2207,7,1
2207,103,1
2208,37,1
2209,155,1
2210,40,1
2211,29,1
2212,236,1
2213,225,1
2214,259,1
2215,39,1
2217,26,1
2217,255,1
2218,173,1
2219,110,1
2219,186,1
2220,3,1
2222,41,1
2223,206,1
2224,3,1
2224,213,1
2225,161,1
2225,202,1
2226,35,1
2227,29,1
2228,257,1
2229,88,1
2230,265,1
2231,99,1
2231,151,1
2232,125,1
2233,223,1
2234,99,1
2234,222,1
2235,99,1
2236,257,1
2238,13,1
2238,65,1
2238,101,1
2239,254,1
2239,266,1
2240,131,1
2241,35,1
2242,144,1
2242,170,1
2243,125,1
2244,29,1
2245,18,1
2245,97,1
2246,68,1
2247,246,1
2248,143,1
2250,29,1
2251,139,1
2251,245,1
2253,223,1
2254,29,1
2255,35,1
2256,23,1
2256,211,1
2257,72,1
2258,40,1
2259,211,1
2260,62,1
2260,101,1
2261,104,1
2262,86,1
2263,3,1
2264,168,1
2264,257,1
2265,208,1
2266,107,1
2267,25,1
2268,41,1
2269,207,1
2269,270,1
2270,175,1
2270,216,1
2272,35,1
2273,106,1
2274,35,1
2275,143,1
2276,41,1
2277,20,1
2278,229,1
2279,229,1
2280,229,1
2281,163,1
2282,8,1
2285,35,1
2286,229,1
2288,272,1
2289,8,1
2290,8,1
2290,272,1
2293,163,1
2294,8,1
2295,155,1
2296,39,1
2297,131,1
2298,39,1
2299,145,1
2300,12,1
2301,225,1
2302,149,1
2303,55,1
2304,135,1
2306,80,1
2307,259,1
2308,30,1
2309,82,1
2309,259,1
2310,7,1
2311,35,1
2312,206,1
2313,125,1
2314,163,1
2315,206,1
2316,163,1
2317,229,1
2318,163,1
2319,8,1
2320,206,1
2322,35,1
2322,149,1
2323,40,1
2324,39,1
2325,148,1
2325,244,1
2325,245,1
2326,101,1
2328,228,1
2329,144,1
2331,137,1
2332,52,1
2333,41,1
2334,263,1
2335,263,1
2335,265,1
2336,33,1
2337,35,1
2339,35,1
2340,8,1
2342,28,1
2344,30,1
2345,35,1
2346,8,1
2347,7,1
2348,95,1
2350,34,1
2351,221,1
2351,230,1
2351,245,1
2352,230,1
2353,22,1
2353,101,1
2353,113,1
2354,163,1
2355,137,1
2356,263,1
2357,9,1
2358,228,1
2359,150,1
2360,37,1
2361,7,1
2363,136,1
2363,259,1
2364,92,1
2365,58,1
2366,9,1
2366,92,1
2367,143,1
2368,112,1
2369,18,1
2370,63,1
2371,131,1
2372,163,1
2372,170,1
2373,46,1
2374,75,1
2375,233,1
2376,139,1
2377,164,1
2379,78,1
2379,165,1
2380,97,1
2381,163,1
2382,250,1
2383,139,1
2384,137,1
2385,94,1
2385,150,1
2386,66,1
2386,107,1
2386,166,1
2386,175,1
2386,216,1
2387,131,1
2387,263,1
2388,143,1
2389,150,1
2391,8,1
2391,259,1
2392,55,1
2392,72,1
2393,92,1
2394,259,1
2395,86,1
2396,135,1
2397,234,1
2398,35,1
2398,110,1
2399,263,1
2400,9,1
2401,97,1
2402,265,1
2403,199,1
2404,262,1
2405,128,1
2406,164,1
2407,76,1
2408,201,1
2409,180,1
2410,97,1
2411,191,1
2412,97,1
2413,112,1
2414,115,1
2414,274,1
2416,205,1
2416,265,1
2417,125,1
2418,42,1
2418,143,1
2419,68,1
2420,257,1
2421,95,1
2423,275,1
2424,56,1
2425,111,1
2426,35,1
2427,39,1
2428,259,1
2429,87,1
2430,64,1
2430,280,1
2431,128,1
2432,97,1
2434,170,1
2434,209,1
2435,35,1
2435,228,1
2436,7,1
2436,88,1
2438,160,1
2438,257,1
2439,254,1
2440,55,1
2440,72,1
2441,35,1
2442,128,1
2443,3,1
2444,33,1
2444,272,1
2445,263,1
2446,35,1
2447,35,1
2448,228,1
2449,39,1
2450,265,1
2451,39,1
2452,8,1
2453,8,1
2454,8,1
2454,33,1
2455,8,1
2456,8,1
2457,8,1
2458,8,1
2459,229,1
2461,231,1
2462,33,1
2464,272,1
2465,206,1
2466,229,1
2467,35,1
2467,272,1
2468,229,1
2469,39,1
2470,39,1
2471,33,1
2472,144,1
2472,227,1
2472,256,1
2474,206,1
2475,229,1
2475,256,1
2476,170,1
2477,35,1
2479,229,1
2480,229,1
2481,8,1
2482,8,1
2483,160,1
2483,227,1
2484,227,1
2484,229,1
2484,256,1
2485,131,1
2485,228,1
2486,170,1
2487,228,1
2488,275,1
2489,18,1
2489,128,1
2490,172,1
2491,47,1
2492,143,1
2493,70,1
2494,228,1
2495,99,1
2496,70,1
2496,259,1
2497,112,1
2498,257,1
2499,24,1
2501,68,1
2503,71,1
2504,63,1
2505,95,1
2506,87,1
2507,135,1
2507,259,1
2508,35,1
2508,215,1
2509,30,1
2510,143,1
2511,281,1
2512,143,1
2513,97,1
2516,33,1
2517,131,1
2518,228,1
2519,265,1
2520,41,1
2521,42,1
2522,206,1
2523,139,1
2524,139,1
2525,137,1
2526,137,1
2527,35,1
2527,111,1
2528,29,1
2529,92,1
2530,35,1
2531,226,1
2532,41,1
2535,191,1
2536,35,1
2537,180,1
2537,200,1
2537,247,1
2539,144,1
2540,102,1
2541,35,1
2542,243,1
2543,35,1
2544,35,1
2545,173,1
2545,184,1
2546,280,1
2548,37,1
2549,33,1
2550,41,1
2550,102,1
2551,41,1
2552,263,1
2553,44,1
2553,228,1
2555,112,1
2556,35,1
2557,206,1
2559,129,1
2560,18,1
2560,218,1
2561,35,1
2562,276,1
2563,35,1
2563,97,1
2565,35,1
2566,144,1
2567,41,1
2569,59,1
2570,76,1
2570,228,1
2571,218,1
2573,35,1
2574,97,1
2575,265,1
2576,44,1
2576,228,1
2578,137,1
2579,151,1
2580,44,1
2581,56,1
2581,97,1
2582,37,1
2583,47,1
2584,163,1
2585,35,1
2586,112,1
2588,37,1
2589,97,1
2589,149,1
2590,257,1
2591,97,1
2592,52,1
2592,257,1
2593,35,1
2594,59,1
2595,35,1
2595,276,1
2596,28,1
2597,110,1
2598,265,1
2599,243,1
2600,131,1
2601,139,1
2602,230,1
2602,245,1
2603,245,1
2604,158,1
2605,131,1
2606,276,1
2607,135,1
2608,37,1
2609,259,1
2610,62,1
2610,101,1
2610,198,1
2611,99,1
2612,150,1
2613,265,1
2614,265,1
2615,150,1
2616,278,1
2617,257,1
2618,143,1
2619,206,1
2620,236,1
2621,206,1
2622,228,1
2625,271,1
2626,35,1
2627,83,1
2628,33,1
2629,12,1
2629,125,1
2630,47,1
2630,276,1
2631,125,1
2634,35,1
2635,163,1
2637,40,1
2638,259,1
2639,18,1
2640,148,1
2640,201,1
2640,230,1
2640,244,1
2641,33,1
2643,114,1
2643,211,1
2643,233,1
2643,277,1
2644,131,1
2645,80,1
2646,40,1
2647,112,1
2648,236,1
2649,67,1
2650,110,1
2652,35,1
2654,37,1
2655,8,1
2655,99,1
2655,222,1
2656,234,1
2658,223,1
2660,226,1
2660,266,1
2661,97,1
2662,80,1
2663,269,1
2665,41,1
2666,272,1
2667,44,1
2668,35,1
2668,199,1
2669,125,1
2670,30,1
2672,199,1
2673,35,1
2674,63,1
2674,218,1
2675,137,1
2676,135,1
2677,150,1
2678,204,1
2679,186,1
2679,250,1
2681,259,1
2682,160,1
2682,176,1
2683,171,1
2684,55,1
2685,76,1
2686,163,1
2687,275,1
2688,281,1
2689,143,1
2690,93,1
2692,62,1
2692,113,1
2692,198,1
2692,264,1
2695,41,1
2697,233,1
2698,265,1
2699,218,1
2700,101,1
2701,265,1
2702,135,1
2703,97,1
2704,71,1
2706,151,1
2707,47,1
2708,76,1
2709,112,1
2711,265,1
2713,7,1
2715,137,1
2716,97,1
2716,128,1
2717,101,1
2718,144,1
2718,228,1
2719,262,1
2720,265,1
2721,29,1
2721,164,1
2723,97,1
2724,9,1
2725,35,1
2726,5,1
2728,143,1
2729,102,1
2731,33,1
2732,221,1
2732,245,1
2733,270,1
2734,101,1
2735,150,1
2736,150,1
2737,184,1
2738,125,1
2740,151,1
2743,145,1
2744,41,1
2745,139,1
2746,41,1
2747,40,1
2748,218,1
2750,56,1
2751,97,1
2754,35,1
2755,101,1
2755,113,1
2756,164,1
2757,97,1
2758,22,1
2758,101,1
2758,198,1
2758,264,1
2759,33,1
2760,39,1
2762,35,1
2764,259,1
2765,168,1
2768,41,1
2769,37,1
2770,275,1
2771,35,1
2772,169,1
2772,262,1
2773,135,1
2774,35,1
2775,56,1
2775,84,1
2776,35,1
2778,164,1
2779,161,1
2780,35,1
2781,263,1
2783,66,1
2784,5,1
2784,226,1
2785,36,1
2786,101,1
2787,101,1
2788,137,1
2789,35,1
2790,46,1
2791,128,1
2792,137,1
2793,143,1
2794,97,1
2795,46,1
2795,67,1
2796,135,1
2797,137,1
2798,191,1
2799,7,1
2800,263,1
2801,47,1
2801,69,1
2803,143,1
2804,111,1
2804,158,1
2805,265,1
2806,35,1
2806,99,1
2807,8,1
2808,125,1
2808,137,1
2809,97,1
2810,35,1
2811,41,1
2813,46,1
2814,139,1
2815,163,1
2817,206,1
2820,206,1
2821,52,1
2823,204,1
2824,88,1
2826,101,1
2827,172,1
2828,223,1
2829,37,1
2831,7,1
2832,24,1
2832,63,1
2833,163,1
2834,218,1
2835,281,1
2836,8,1
2837,18,1
2837,218,1
2838,228,1
2839,9,1
2840,278,1
2841,228,1
2842,143,1
2843,35,1
2844,150,1
2845,35,1
2846,160,1
2848,35,1
2849,61,1
2850,35,1
2850,158,1
2851,228,1
2852,101,1
2852,264,1
2853,143,1
2854,216,1
2855,99,1
2856,61,1
2856,99,1
2857,47,1
2858,263,1
2859,8,1
2860,135,1
2861,97,1
2861,218,1
2862,35,1
2863,101,1
2864,263,1
2865,163,1
2866,35,1
2867,5,1
2867,263,1
2868,35,1
2869,48,1
2869,107,1
2869,175,1
2869,237,1
2870,55,1
2870,72,1
2870,152,1
2871,208,1
2873,20,1
2873,72,1
2874,63,1
2874,97,1
2876,41,1
2876,143,1
2877,120,1
2878,101,1
2879,95,1
2880,265,1
2881,88,1
2881,110,1
2882,106,1
2884,115,1
2885,131,1
2885,263,1
2886,243,1
2887,280,1
2888,48,1
2888,107,1
2888,130,1
2889,228,1
2892,272,1
2893,33,1
2894,95,1
2895,206,1
2896,35,1
2898,259,1
2899,35,1
2900,35,1
2901,92,1
2902,137,1
2903,208,1
2905,206,1
2906,35,1
2907,97,1
2908,257,1
2909,184,1
2910,259,1
2911,265,1
2912,55,1
2912,263,1
2913,55,1
2913,72,1
2914,55,1
2914,72,1
2915,72,1
2916,55,1
2916,72,1
2917,35,1
2918,72,1
2919,62,1
2920,22,1
2920,65,1
2922,161,1
2922,281,1
2923,259,1
2924,263,1
2925,208,1
2926,155,1
2929,214,1
2930,63,1
2931,95,1
2932,100,1
2933,39,1
2934,9,1
2935,56,1
2937,199,1
2938,35,1
2939,97,1
2942,125,1
2943,243,1
2944,44,1
2946,59,1
2949,148,1
2949,221,1
2950,46,1
2950,125,1
2951,7,1
2953,29,1
2954,73,1
2954,255,1
2955,5,1
2955,263,1
2956,164,1
2956,223,1
2957,101,1
2958,271,1
2959,228,1
2960,113,1
2961,46,1
2962,114,1
2963,150,1
2964,129,1
2964,262,1
2965,155,1
2966,121,1
2968,18,1
2969,259,1
2970,99,1
2970,125,1
2971,8,1
2973,112,1
2974,80,1
2975,18,1
2975,275,1
2976,84,1
2977,37,1
2978,93,1
2980,35,1
2981,276,1
2982,257,1
2983,95,1
2985,97,1
2987,95,1
2987,137,1
2989,35,1
2990,229,1
2991,263,1
2992,263,1
2993,97,1
2993,281,1
2994,72,1
2994,152,1
2995,55,1
2995,72,1
2996,55,1
2996,72,1
2997,29,1
2998,139,1
2998,225,1
2999,113,1
2999,263,1
3000,128,1
3001,182,1
3002,35,1
3003,263,1
3004,63,1
3005,35,1
3006,97,1
3007,206,1
3009,35,1
3010,35,1
3011,62,1
3011,264,1
3012,211,1
3013,8,1
3014,25,1
3015,143,1
3016,143,1
3017,205,1
3018,191,1
3019,143,1
3020,33,1
3020,35,1
3022,101,1
3025,94,1
3026,137,1
3027,211,1
3028,78,1
3028,230,1
3029,173,1
3030,211,1
3031,147,1
3031,211,1
3032,183,1
3033,101,1
3034,277,1
3035,12,1
3036,9,1
3036,63,1
3037,150,1
3038,263,1
3039,33,1
3041,228,1
3042,5,1
3042,263,1
3043,41,1
3044,35,1
3045,76,1
3046,97,1
3047,35,1
3048,228,1
3049,84,1
3049,263,1
3050,34,1
3052,163,1
3053,263,1
3055,226,1
3056,125,1
3057,78,1
3057,139,1
3057,230,1
3057,244,1
3058,113,1
3059,186,1
3060,114,1
3061,257,1
3062,41,1
3063,131,1
3064,123,1
3065,35,1
3066,135,1
3067,257,1
3068,41,1
3068,150,1
3070,257,1
3072,151,1
3073,41,1
3074,125,1
3075,184,1
3077,41,1
3079,18,1
3079,128,1
3080,47,1
3081,35,1
3082,71,1
3083,29,1
3083,107,1
3084,139,1
3085,232,1
3086,162,1
3087,139,1
3088,92,1
3089,8,1
3089,222,1
3090,135,1
3090,259,1
3091,236,1
3092,59,1
3093,20,1
3095,144,1
3096,35,1
3097,41,1
3099,59,1
3101,67,1
3101,95,1
3102,59,1
3102,255,1
3104,265,1
3105,231,1
3106,277,1
3107,20,1
3108,160,1
3108,186,1
3109,63,1
3109,92,1
3110,277,1
3112,234,1
3113,39,1
3114,63,1
3115,281,1
3116,102,1
3116,143,1
3118,215,1
3119,40,1
3120,29,1
3121,97,1
3122,8,1
3123,39,1
3124,8,1
3125,229,1
3126,229,1
3127,8,1
3128,8,1
3131,8,1
3132,229,1
3133,39,1
3133,272,1
3134,229,1
3135,39,1
3136,39,1
3137,229,1
3138,227,1
3138,256,1
3139,227,1
3140,226,1
3141,7,1
3142,143,1
3143,52,1
3144,125,1
3146,92,1
3147,35,1
3148,73,1
3149,26,1
3149,110,1
3149,197,1
3150,33,1
3151,40,1
3152,255,1
3152,266,1
3153,148,1
3154,277,1
3155,277,1
3156,277,1
3157,277,1
3159,277,1
3162,197,1
3162,259,1
3163,278,1
3164,234,1
3165,35,1
3166,263,1
3167,131,1
3167,263,1
3168,41,1
3169,151,1
3171,236,1
3172,41,1
3173,8,1
3174,269,1
3175,5,1
3176,41,1
3177,41,1
3178,33,1
3179,64,1
3180,88,1
3182,41,1
3183,163,1
3184,41,1
3184,256,1
3185,206,1
3186,206,1
3187,263,1
3188,229,1
3189,163,1
3190,245,1
3190,265,1
3191,65,1
3191,101,1
3192,200,1
3193,80,1
3194,163,1
3195,163,1
3196,41,1
3197,206,1
3198,35,1
3198,143,1
3199,99,1
3200,94,1
3201,97,1
3202,257,1
3203,35,1
3204,59,1
3205,35,1
3206,128,1
3207,128,1
3208,101,1
3208,274,1
3210,194,1
3211,265,1
3212,7,1
3213,265,1
3214,128,1
3215,99,1
3216,87,1
3217,226,1
3218,110,1
3221,276,1
3222,37,1
3223,35,1
3224,35,1
3225,151,1
3226,84,1
3227,35,1
3229,56,1
3229,275,1
3230,47,1
3231,64,1
3231,130,1
3231,133,1
3232,259,1
3233,132,1
3233,245,1
3234,248,1
3235,210,1
3236,35,1
3237,202,1
3237,212,1
3238,33,1
3239,137,1
3240,191,1
3241,35,1
3241,167,1
3242,87,1
3243,47,1
3244,41,1
3245,35,1
3247,47,1
3248,39,1
3249,135,1
3249,243,1
3251,8,1
3252,8,1
3253,33,1
3253,272,1
3255,228,1
3256,12,1
3256,125,1
3259,35,1
3260,265,1
3261,94,1
3261,150,1
3262,271,1
3263,263,1
3264,71,1
3264,208,1
3265,150,1
3266,35,1
3266,110,1
3268,9,1
3269,8,1
3270,137,1
3271,129,1
3272,7,1
3273,112,1
3274,218,1
3275,41,1
3276,135,1
3277,35,1
3278,131,1
3279,259,1
3281,131,1
3282,139,1
3283,7,1
3284,139,1
3285,248,1
3286,33,1
3287,33,1
3288,243,1
3289,35,1
3290,35,1
3291,135,1
3294,35,1
3294,215,1
3295,204,1
3296,281,1
3297,229,1
3298,229,1
3299,229,1
3300,39,1
3301,39,1
3302,39,1
3306,206,1
3307,229,1
3308,63,1
3309,206,1
3310,206,1
3311,206,1
3313,163,1
3314,206,1
3314,229,1
3315,127,1
3315,153,1
3316,280,1
3317,62,1
3318,35,1
3319,35,1
3320,35,1
3321,125,1
3324,209,1
3327,39,1
3328,52,1
3329,228,1
3331,76,1
3331,209,1
3332,35,1
3333,151,1
3334,143,1
3335,245,1
3337,125,1
3338,39,1
3340,254,1
3341,125,1
3342,75,1
3343,269,1
3344,67,1
3345,41,1
3346,263,1
3347,71,1
3348,165,1
3349,101,1
3350,263,1
3351,125,1
3352,33,1
3353,144,1
3353,229,1
3353,256,1
3354,92,1
3355,265,1
3356,232,1
3358,33,1
3360,64,1
3362,150,1
3362,208,1
3365,202,1
3365,212,1
3366,97,1
3367,95,1
3368,104,1
3368,191,1
3369,231,1
3370,184,1
3371,271,1
3372,39,1
3374,151,1
3375,85,1
3376,85,1
3376,152,1
3377,128,1
3378,104,1
3379,248,1
3381,35,1
3382,170,1
3382,228,1
3384,145,1
3384,153,1
3384,213,1
3386,35,1
3387,9,1
3387,35,1
3388,25,1
3390,163,1
3391,209,1
3392,33,1
3393,135,1
3394,101,1
3394,144,1
3395,92,1
3396,163,1
3397,9,1
3399,158,1
3400,41,1
3401,139,1
3401,266,1
3402,44,1
3402,228,1
3403,265,1
3404,40,1
3405,97,1
3405,128,1
3406,161,1
3407,139,1
3408,163,1
3408,258,1
3409,163,1
3410,47,1
3411,97,1
3412,144,1
3412,160,1
3412,228,1
3414,143,1
3415,95,1
3416,46,1
3417,88,1
3418,25,1
3419,110,1
3419,137,1
3420,263,1
3421,200,1
3422,82,1
3422,88,1
3423,7,1
3424,265,1
3425,259,1
3426,7,1
3427,87,1
3428,33,1
3430,125,1
3431,163,1
3432,139,1
3433,203,1
3434,254,1
3435,97,1
3436,3,1
3437,162,1
3438,128,1
3438,215,1
3439,84,1
3440,80,1
3441,35,1
3442,35,1
3443,155,1
3444,151,1
3445,269,1
3446,72,1
3447,9,1
3447,63,1
3448,35,1
3448,97,1
3451,47,1
3452,243,1
3453,262,1
3454,139,1
3456,35,1
3457,200,1
3458,180,1
3458,200,1
3459,8,1
3460,92,1
3460,203,1
3461,20,1
3461,46,1
3461,204,1
3463,243,1
3464,47,1
3464,197,1
3465,68,1
3466,93,1
3467,33,1
3468,178,1
3469,228,1
3470,128,1
3471,35,1
3472,56,1
3472,128,1
3473,228,1
3474,137,1
3475,278,1
3476,137,1
3477,95,1
3478,92,1
3478,203,1
3479,199,1
3480,165,1
3480,201,1
3481,277,1
3482,233,1
3483,263,1
3484,127,1
3484,191,1
3484,210,1
3485,137,1
3487,120,1
3488,244,1
3489,92,1
3489,203,1
3490,206,1
3491,199,1
3492,135,1
3493,131,1
3493,263,1
3495,72,1
3495,150,1
3496,233,1
3497,278,1
3498,35,1
3500,222,1
3501,131,1
3502,95,1
3503,137,1
3504,8,1
3504,99,1
3505,218,1
3506,234,1
3507,101,1
3508,265,1
3509,35,1
3510,101,1
3511,30,1
3512,278,1
3513,33,1
3514,263,1
3515,173,1
3515,184,1
3516,22,1
3516,62,1
3517,137,1
3519,3,1
3519,153,1
3519,213,1
3520,35,1
3521,104,1
3522,12,1
3522,99,1
3523,163,1
3524,269,1
3526,80,1
3528,263,1
3530,80,1
3531,143,1
3532,35,1
3532,143,1
3533,35,1
3534,245,1
3536,62,1
3536,101,1
3536,113,1
3537,139,1
3538,40,1
3540,125,1
3541,5,1
3542,35,1
3543,99,1
3544,101,1
3545,97,1
3545,218,1
3546,64,1
3547,182,1
3549,163,1
3550,99,1
3551,61,1
3551,99,1
3552,223,1
3553,259,1
3554,33,1
3555,24,1
3556,201,1
3556,221,1
3557,92,1
3558,204,1
3559,144,1
3562,282,1
3563,7,1
3564,245,1
3565,277,1
3566,218,1
3567,40,1
3569,184,1
3570,191,1
3571,18,1
3571,145,1
3571,153,1
3572,42,1
3572,79,1
3572,143,1
3573,41,1
3573,214,1
3574,63,1
3575,275,1
3576,144,1
3577,135,1
3578,40,1
3579,101,1
3582,35,1
3583,278,1
3584,263,1
3585,135,1
3586,39,1
3587,64,1
3588,221,1
3588,245,1
3589,211,1
3590,127,1
3590,153,1
3590,213,1
3591,48,1
3592,23,1
3592,233,1
3593,72,1
3594,35,1
3595,164,1
3596,225,1
3597,231,1
3598,41,1
3599,265,1
3600,136,1
3602,29,1
3605,35,1
3606,82,1
3606,137,1
3607,88,1
3608,88,1
3609,75,1
3610,41,1
3611,9,1
3612,263,1
3613,7,1
3614,128,1
3615,3,1
3616,12,1
3616,88,1
3617,243,1
3618,149,1
3619,201,1
3619,245,1
3620,244,1
3621,177,1
3621,200,1
3622,139,1
3622,266,1
3623,277,1
3624,186,1
3625,139,1
3626,245,1
3627,277,1
3629,66,1
3629,164,1
3630,194,1
3631,277,1
3632,3,1
3632,153,1
3632,213,1
3633,9,1
3633,35,1
3634,88,1
3635,99,1
3636,265,1
3637,120,1
3640,18,1
3640,218,1
3644,33,1
3645,97,1
3646,184,1
3646,225,1
3647,58,1
3648,41,1
3650,9,1
3651,137,1
3652,164,1
3655,155,1
3656,277,1
3657,266,1
3658,101,1
3659,136,1
3660,218,1
3661,30,1
3662,62,1
3662,101,1
3665,35,1
3666,263,1
3667,131,1
3668,143,1
3669,208,1
3671,97,1
3673,236,1
3675,137,1
3675,243,1
3676,97,1
3677,200,1
3678,97,1
3679,8,1
3680,229,1
3681,229,1
3682,8,1
3682,272,1
3684,8,1
3685,206,1
3686,33,1
3687,229,1
3688,229,1
3689,39,1
3689,229,1
3690,39,1
3691,229,1
3692,39,1
3693,39,1
3694,39,1
3695,225,1
3695,266,1
3696,272,1
3697,95,1
3698,128,1
3699,180,1
3700,7,1
3701,52,1
3702,174,1
3703,35,1
3704,184,1
3704,225,1
3704,258,1
3706,97,1
3707,269,1
3708,137,1
3710,163,1
3710,261,1
3711,41,1
3712,257,1
3714,227,1
3717,191,1
3718,23,1
3718,66,1
3718,75,1
3718,135,1
3718,223,1
3718,277,1
3719,80,1
3720,199,1
3724,71,1
3725,177,1
3725,200,1
3726,241,1
3726,246,1
3727,101,1
3727,198,1
3730,137,1
3731,35,1
3732,87,1
3733,255,1
3734,206,1
3735,41,1
3736,194,1
3737,97,1
3737,128,1
3738,128,1
3739,8,1
3741,265,1
3743,33,1
3743,231,1
3744,35,1
3744,97,1
3746,137,1
3747,35,1
3748,87,1
3751,191,1
3751,213,1
3752,9,1
3752,52,1
3752,75,1
3752,195,1
3753,159,1
3754,97,1
3755,35,1
3756,228,1
3757,35,1
3758,263,1
3759,35,1
3760,170,1
3761,135,1
3762,195,1
3762,233,1
3763,206,1
3764,92,1
3765,195,1
3765,262,1
3766,129,1
3767,125,1
3768,64,1
3770,18,1
3771,163,1
3772,35,1
3776,29,1
3776,164,1
3777,230,1
3779,26,1
3779,110,1
3779,259,1
3780,35,1
3782,135,1
3783,137,1
3783,150,1
3784,228,1
3785,111,1
3785,158,1
3786,47,1
3787,191,1
3788,9,1
3790,39,1
3791,8,1
3791,95,1
3792,86,1
3793,259,1
3795,125,1
3796,226,1
3797,277,1
3798,263,1
3798,265,1
3799,163,1
3801,259,1
3803,9,1
3804,35,1
3805,35,1
3806,102,1
3807,80,1
3808,33,1
3809,58,1
3810,114,1
3811,206,1
3812,74,1
3812,127,1
3812,153,1
3814,228,1
3815,58,1
3816,262,1
3817,164,1
3818,52,1
3818,75,1
3819,93,1
3820,41,1
3821,192,1
3822,37,1
3823,79,1
3824,9,1
3824,35,1
3825,111,1
3825,263,1
3826,131,1
3827,35,1
3828,182,1
3829,9,1
3830,259,1
3832,135,1
3832,182,1
3833,39,1
3835,33,1
3836,33,1
3836,237,1
3839,257,1
3840,244,1
3841,228,1
3843,186,1
3846,137,1
3847,35,1
3848,265,1
3849,275,1
3851,123,1
3851,128,1
3852,3,1
3853,22,1
3853,120,1
3854,263,1
3855,99,1
3856,143,1
3857,135,1
3858,35,1
3859,229,1
3861,204,1
3863,41,1
3864,229,1
3865,135,1
3866,263,1
3867,35,1
3868,97,1
3869,84,1
3869,97,1
3869,226,1
3870,163,1
3871,8,1
3872,8,1
3873,8,1
3873,33,1
3874,143,1
3875,8,1
3875,33,1
3876,8,1
3878,8,1
3878,33,1
3879,231,1
3880,33,1
3881,229,1
3882,33,1
3883,35,1
3883,158,1
3884,39,1
3885,8,1
3886,39,1
3887,229,1
3888,155,1
3889,39,1
3890,39,1
3892,229,1
3893,41,1
3894,144,1
3894,190,1
3894,227,1
3895,160,1
3896,135,1
3897,40,1
3898,47,1
3900,226,1
3901,263,1
3902,97,1
3904,58,1
3905,84,1
3906,263,1
3907,36,1
3908,263,1
3909,228,1
3910,125,1
3912,52,1
3912,257,1
3914,173,1
3915,206,1
3917,206,1
3918,163,1
3918,170,1
3919,206,1
3920,206,1
3921,229,1
3922,259,1
3923,8,1
3924,8,1
3925,35,1
3925,143,1
3926,210,1
3927,259,1
3928,128,1
3929,97,1
3930,131,1
3930,263,1
3931,84,1
3932,35,1
3933,276,1
3934,35,1
3935,202,1
3935,212,1
3935,228,1
3937,102,1
3938,35,1
3940,110,1
3940,276,1
3941,56,1
3942,143,1
3943,25,1
3944,228,1
3945,173,1
3946,40,1
3947,41,1
3948,41,1
3949,39,1
3950,144,1
3951,35,1
3952,243,1
3953,278,1
3954,257,1
3955,229,1
3956,158,1
3958,259,1
3959,40,1
3960,263,1
3961,128,1
3962,257,1
3963,278,1
3964,59,1
3964,205,1
3965,47,1
3966,47,1
3966,143,1
3967,68,1
3968,97,1
3969,41,1
3971,269,1
3972,275,1
3973,52,1
3974,211,1
3975,34,1
3976,229,1
3977,62,1
3977,101,1
3977,198,1
3978,35,1
3980,145,1
3980,170,1
3981,171,1
3982,29,1
3983,211,1
3984,148,1
3985,29,1
3985,232,1
3986,7,1
3987,178,1
3988,178,1
3989,97,1
3990,35,1
3991,33,1
3992,97,1
3993,206,1
3994,199,1
3995,101,1
3995,264,1
3996,112,1
3997,102,1
3997,143,1
4000,35,1
4001,243,1
4002,52,1
4004,265,1
4005,161,1
4006,62,1
4008,9,1
4009,75,1
4011,41,1
4011,136,1
4012,95,1
4013,97,1
4013,220,1
4014,97,1
4014,228,1
4015,128,1
4016,3,1
4017,3,1
4019,259,1
4020,206,1
4022,76,1
4022,228,1
4023,206,1
4024,84,1
4025,136,1
4026,42,1
4027,269,1
4028,35,1
4028,63,1
4029,143,1
4030,125,1
4031,68,1
4032,128,1
4033,52,1
4034,35,1
4035,8,1
4036,35,1
4037,40,1
4038,135,1
4039,163,1
4040,225,1
4043,35,1
4044,35,1
4045,35,1
4046,63,1
4046,281,1
4047,243,1
4048,143,1
4049,35,1
4050,259,1
4051,35,1
4052,275,1
4053,35,1
4054,97,1
4056,63,1
4057,125,1
4058,76,1
4059,149,1
4059,159,1
4060,259,1
4061,85,1
4061,259,1
4062,35,1
4062,59,1
4063,228,1
4064,92,1
4065,35,1
4066,228,1
4067,101,1
4069,245,1
4070,62,1
4070,101,1
4071,228,1
4072,35,1
4073,137,1
4074,97,1
4075,52,1
4075,257,1
4076,206,1
4077,95,1
4078,236,1
4079,35,1
4080,263,1
4081,245,1
4082,101,1
4083,35,1
4084,30,1
4086,62,1
4086,101,1
4087,209,1
4088,136,1
4089,47,1
4089,110,1
4089,143,1
4090,206,1
4092,150,1
4093,35,1
4094,35,1
4094,143,1
4095,206,1
4096,39,1
4096,229,1
4097,144,1
4099,56,1
4101,143,1
4102,161,1
4103,22,1
4104,243,1
4105,139,1
4106,135,1
4107,275,1
4108,271,1
4109,131,1
4109,263,1
4110,265,1
4112,101,1
4113,101,1
4113,113,1
4115,101,1
4116,131,1
4117,128,1
4118,143,1
4119,95,1
4120,139,1
4120,244,1
4120,265,1
4122,97,1
4123,35,1
4127,43,1
4129,80,1
4130,63,1
4131,229,1
4132,111,1
4133,33,1
4134,53,1
4134,259,1
4135,280,1
4137,35,1
4138,125,1
4139,73,1
4140,40,1
4141,95,1
4142,41,1
4143,199,1
4143,261,1
4143,265,1
4145,112,1
4146,135,1
4147,278,1
4148,77,1
4149,35,1
4150,76,1
4151,228,1
4151,281,1
4152,47,1
4153,35,1
4154,95,1
4155,106,1
4157,41,1
4158,228,1
4159,280,1
4161,182,1
4162,131,1
4162,263,1
4163,163,1
4164,35,1
4165,263,1
4166,35,1
4167,228,1
4168,35,1
4169,137,1
4171,35,1
4171,149,1
4174,160,1
4174,180,1
4175,200,1
4176,72,1
4178,47,1
4179,215,1
4180,135,1
4180,259,1
4181,35,1
4182,41,1
4183,66,1
4183,175,1
4184,56,1
4184,123,1
4186,7,1
4187,136,1
4188,164,1
4188,233,1
4190,25,1
4191,9,1
4191,48,1
4191,66,1
4192,265,1
4193,200,1
4194,144,1
4195,228,1
4196,75,1
4197,243,1
4198,125,1
4199,35,1
4200,75,1
4201,228,1
4202,144,1
4203,131,1
4204,228,1
4205,110,1
4205,276,1
4206,255,1
4209,35,1
4209,68,1
4210,137,1
4211,58,1
4213,265,1
4214,71,1
4214,240,1
4215,137,1
4215,150,1
4216,93,1
4217,41,1
4217,71,1
4218,97,1
4218,159,1
4219,42,1
4219,68,1
4221,228,1
4222,30,1
4223,137,1
4224,151,1
4225,35,1
4226,95,1
4227,9,1
4228,259,1
4229,93,1
4230,82,1
4230,88,1
4231,265,1
4232,46,1
4233,35,1
4234,84,1
4235,74,1
4235,127,1
4235,153,1
4235,213,1
4236,97,1
4237,8,1
4238,229,1
4239,8,1
4240,8,1
4241,8,1
4242,8,1
4243,8,1
4244,8,1
4244,33,1
4245,8,1
4246,206,1
4247,8,1
4248,229,1
4249,229,1
4252,227,1
4252,256,1
4253,41,1
4254,206,1
4256,8,1
4256,163,1
4256,229,1
4257,227,1
4258,9,1
4259,41,1
4261,265,1
4262,35,1
4265,163,1
4266,261,1
4267,35,1
4268,257,1
4269,259,1
4270,281,1
4271,139,1
4272,277,1
4273,33,1
4274,139,1
4276,47,1
4277,94,1
4277,248,1
4278,35,1
4279,35,1
4279,149,1
4280,269,1
4281,143,1
4282,143,1
4283,99,1
4285,176,1
4285,184,1
4286,173,1
4287,259,1
4288,229,1
4289,145,1
4289,171,1
4290,243,1
4292,35,1
4293,229,1
4294,35,1
4295,35,1
4296,228,1
4297,131,1
4297,263,1
4298,46,1
4299,80,1
4300,158,1
4301,236,1
4301,248,1
4301,263,1
4302,95,1
4304,87,1
4305,39,1
4306,41,1
4309,37,1
4310,3,1
4310,153,1
4311,92,1
4312,35,1
4312,275,1
4313,125,1
4313,167,1
4314,18,1
4314,204,1
4316,39,1
4317,143,1
4319,176,1
4320,64,1
4322,211,1
4323,137,1
4324,163,1
4325,72,1
4328,41,1
4330,266,1
4331,41,1
4332,144,1
4333,102,1
4335,139,1
4336,259,1
4337,277,1
4338,160,1
4338,257,1
4339,52,1
4340,9,1
4341,92,1
4342,29,1
4342,164,1
4343,97,1
4344,229,1
4345,228,1
4346,8,1
4346,33,1
4347,33,1
4348,128,1
4348,218,1
4349,150,1
4349,236,1
4350,200,1
4352,259,1
4353,29,1
4354,35,1
4355,164,1
4355,216,1
4356,8,1
4357,129,1
4359,150,1
4360,128,1
4361,265,1
4362,55,1
4363,97,1
4364,127,1
4364,153,1
4365,137,1
4367,278,1
4368,228,1
4370,35,1
4371,150,1
4371,236,1
4373,52,1
4374,88,1
4375,263,1
4376,9,1
4377,35,1
4378,143,1
4379,143,1
4380,263,1
4381,77,1
4382,128,1
4383,39,1
4384,144,1
4385,263,1
4386,265,1
4387,35,1
4388,63,1
4389,263,1
4390,33,1
4393,95,1
4394,80,1
4396,188,1
4396,259,1
4396,276,1
4397,7,1
4397,67,1
4398,163,1
4398,170,1
4399,151,1
4400,143,1
4401,226,1
4402,265,1
4403,33,1
4405,9,1
4406,9,1
4408,8,1
4411,236,1
4412,112,1
4413,99,1
4414,243,1
4415,265,1
4416,41,1
4417,41,1
4418,275,1
4419,150,1
4420,275,1
4421,76,1
4421,228,1
4422,30,1
4422,94,1
4424,137,1
4425,226,1
4426,35,1
4427,275,1
4428,150,1
4431,129,1
4432,61,1
4434,97,1
4435,112,1
4436,35,1
4437,35,1
4438,121,1
4439,135,1
4440,112,1
4441,125,1
4442,97,1
4442,220,1
4443,35,1
4444,135,1
4445,144,1
4446,110,1
4446,276,1
4447,257,1
4449,275,1
4450,112,1
4453,265,1
4454,155,1
4455,215,1
4457,246,1
4458,75,1
4460,76,1
4461,168,1
4461,184,1
4461,257,1
4462,196,1
4463,7,1
4465,259,1
4466,65,1
4466,264,1
4467,264,1
4469,164,1
4470,128,1
4471,151,1
4472,143,1
4473,271,1
4474,265,1
4476,265,1
4477,164,1
4477,175,1
4478,125,1
4479,35,1
4479,215,1
4480,59,1
4481,35,1
4482,41,1
4483,150,1
4483,240,1
4483,263,1
4485,40,1
4486,95,1
4487,259,1
4488,137,1
4488,271,1
4489,95,1
4490,243,1
4491,58,1
4492,271,1
4493,24,1
4493,35,1
4494,143,1
4495,97,1
4495,228,1
4496,29,1
4497,131,1
4497,263,1
4498,80,1
4499,125,1
4500,41,1
4501,87,1
4502,83,1
4502,281,1
4503,35,1
4504,125,1
4504,167,1
4504,177,1
4505,7,1
4506,97,1
4506,220,1
4507,35,1
4508,47,1
4509,80,1
4510,35,1
4511,233,1
4513,97,1
4514,76,1
4515,48,1
4515,107,1
4515,127,1
4518,28,1
4520,243,1
4521,35,1
4522,62,1
4522,120,1
4522,241,1
4523,58,1
4524,161,1
4525,164,1
4526,41,1
4527,95,1
4527,137,1
4528,35,1
4529,164,1
4530,40,1
4531,137,1
4532,83,1
4532,228,1
4533,101,1
4534,7,1
4535,40,1
4536,206,1
4538,137,1
4538,222,1
4539,97,1
4541,137,1
4542,103,1
4543,125,1
4544,76,1
4545,137,1
4546,88,1
4548,35,1
4549,128,1
4550,188,1
4551,35,1
4551,199,1
4552,269,1
4554,135,1
4555,131,1
4556,35,1
4557,191,1
4558,99,1
4559,7,1
4563,182,1
4565,80,1
4566,64,1
4566,280,1
4567,135,1
4568,58,1
4569,77,1
4570,191,1
4571,163,1
4572,155,1
4573,209,1
4574,41,1
4575,35,1
4576,219,1
4577,259,1
4578,51,1
4578,253,1
4578,254,1
4579,173,1
4580,213,1
4581,34,1
4581,129,1
4582,129,1
4583,87,1
4584,265,1
4585,143,1
4586,97,1
4588,112,1
4589,233,1
4590,257,1
4591,275,1
4592,97,1
4592,228,1
4597,154,1
4597,165,1
4597,245,1
4598,228,1
4599,35,1
4600,7,1
4601,180,1
4601,200,1
4602,80,1
4603,229,1
4604,229,1
4605,229,1
4606,8,1
4607,8,1
4608,8,1
4609,272,1
4610,229,1
4611,8,1
4612,163,1
4614,8,1
4615,33,1
4616,272,1
4617,8,1
4618,8,1
4618,231,1
4619,272,1
4620,39,1
4621,229,1
4622,229,1
4624,227,1
4625,39,1
4626,206,1
4626,229,1
4627,94,1
4628,206,1
4629,95,1
4630,135,1
4631,40,1
4632,9,1
4633,33,1
4634,39,1
4635,95,1
4637,8,1
4638,236,1
4639,35,1
4640,233,1
4640,277,1
4641,35,1
4642,259,1
4645,271,1
4646,132,1
4646,141,1
4646,154,1
4646,165,1
4646,201,1
4646,244,1
4646,251,1
4647,18,1
4648,8,1
4649,141,1
4649,201,1
4649,230,1
4649,245,1
4650,35,1
4652,78,1
4652,165,1
4652,230,1
4652,245,1
4653,97,1
4654,41,1
4654,42,1
4656,7,1
4657,72,1
4658,35,1
4659,243,1
4660,33,1
4660,163,1
4661,35,1
4662,171,1
4663,201,1
4664,163,1
4666,150,1
4667,180,1
4667,200,1
4668,42,1
4668,197,1
4669,3,1
4670,61,1
4670,99,1
4671,206,1
4672,33,1
4674,265,1
4675,263,1
4676,97,1
4676,263,1
4677,7,1
4679,71,1
4680,63,1
4681,191,1
4682,62,1
4684,180,1
4686,163,1
4689,97,1
4690,228,1
4691,162,1
4692,114,1
4693,192,1
4693,280,1
4694,206,1
4696,35,1
4697,199,1
4698,225,1
4700,72,1
4700,152,1
4701,72,1
4703,28,1
4706,184,1
4707,26,1
4707,148,1
4707,202,1
4708,150,1
4709,62,1
4710,74,1
4710,127,1
4710,145,1
4710,213,1
4711,144,1
4712,244,1
4713,243,1
4714,8,1
4715,271,1
4716,170,1
4717,35,1
4718,137,1
4718,271,1
4719,76,1
4720,263,1
4721,263,1
4723,35,1
4724,68,1
4725,111,1
4726,128,1
4726,218,1
4727,212,1
4727,228,1
4728,47,1
4729,263,1
4730,281,1
4731,76,1
4732,7,1
4734,95,1
4735,137,1
4737,275,1
4738,97,1
4739,52,1
4740,93,1
4741,37,1
4742,76,1
4743,269,1
4745,8,1
4745,206,1
4746,131,1
4747,12,1
4747,143,1
4748,99,1
4749,265,1
4750,35,1
4751,236,1
4753,257,1
4754,35,1
4755,39,1
4756,87,1
4757,281,1
4758,155,1
4759,41,1
4761,44,1
4761,83,1
4761,228,1
4762,137,1
4762,143,1
4763,33,1
4764,263,1
4765,143,1
4766,35,1
4768,184,1
4769,35,1
4770,228,1
4771,150,1
4771,192,1
4771,248,1
4772,199,1
4775,41,1
4776,35,1
4778,39,1
4780,111,1
4780,131,1
4780,263,1
4782,281,1
4783,35,1
4785,150,1
4786,151,1
4787,169,1
4788,35,1
4789,151,1
4790,33,1
4791,265,1
4792,144,1
4793,33,1
4794,158,1
4795,35,1
4796,9,1
4796,24,1
4796,35,1
4797,137,1
4798,265,1
4801,33,1
4802,80,1
4803,47,1
4804,265,1
4805,8,1
4806,41,1
4807,97,1
4808,35,1
4810,35,1
4812,63,1
4813,125,1
4814,63,1
4815,26,1
4815,47,1
4817,101,1
4818,35,1
4820,76,1
4821,35,1
4821,149,1
4821,215,1
4822,178,1
4823,125,1
4824,143,1
4825,12,1
4825,143,1
4826,95,1
4827,7,1
4827,68,1
4828,18,1
4828,27,1
4829,100,1
4829,125,1
4831,212,1
4832,40,1
4833,137,1
4833,227,1
4834,225,1
4835,35,1
4839,123,1
4840,143,1
4841,97,1
4842,269,1
4843,35,1
4845,106,1
4846,18,1
4846,56,1
4846,123,1
4847,35,1
4849,228,1
4850,35,1
4851,39,1
4853,39,1
4854,206,1
4854,229,1
4855,259,1
4856,35,1
4859,141,1
4859,148,1
4859,245,1
4861,275,1
4862,228,1
4863,18,1
4865,171,1
4865,270,1
4867,121,1
4868,194,1
4869,275,1
4870,18,1
4870,24,1
4870,164,1
4870,271,1
4870,280,1
4870,281,1
4871,277,1
4872,35,1
4873,35,1
4875,102,1
4876,131,1
4877,243,1
4878,101,1
4879,30,1
4880,228,1
4881,35,1
4882,7,1
4883,265,1
4884,61,1
4885,41,1
4886,42,1
4886,68,1
4886,143,1
4887,40,1
4888,83,1
4889,18,1
4890,144,1
4891,18,1
4892,210,1
4893,200,1
4894,163,1
4895,128,1
4896,158,1
4897,33,1
4898,206,1
4899,184,1
4900,143,1
4902,76,1
4903,143,1
4904,35,1
4905,7,1
4906,143,1
4907,112,1
4908,41,1
4909,33,1
4911,137,1
4912,135,1
4913,8,1
4913,99,1
4914,88,1
4915,27,1
4916,206,1
4917,47,1
4918,120,1
4918,144,1
4918,241,1
4919,120,1
4920,272,1
4921,8,1
4922,162,1
4923,62,1
4923,101,1
4923,113,1
4924,129,1
4925,97,1
4926,236,1
4927,63,1
4928,34,1
4930,135,1
4931,35,1
4932,46,1
4933,35,1
4934,95,1
4935,212,1
4936,58,1
4937,41,1
4938,144,1
4940,35,1
4941,97,1
4942,151,1
4943,51,1
4943,101,1
4943,120,1
4943,241,1
4943,254,1
4945,46,1
4946,83,1
4946,131,1
4947,216,1
4948,35,1
4949,243,1
4951,137,1
4952,112,1
4953,80,1
4954,87,1
4955,35,1
4956,125,1
4956,160,1
4957,99,1
4958,99,1
4959,29,1
4960,206,1
4961,35,1
4963,137,1
4964,44,1
4966,200,1
4968,39,1
4970,229,1
4972,183,1
4972,247,1
4972,270,1
4973,218,1
4973,240,1
4974,94,1
4975,102,1
4976,259,1
4977,211,1
4979,25,1
4980,62,1
4980,113,1
4981,129,1
4981,169,1
4981,171,1
4981,195,1
4981,216,1
4982,35,1
4983,63,1
4984,63,1
4985,211,1
4986,184,1
4987,135,1
4988,128,1
4989,33,1
4989,72,1
4990,61,1
4990,135,1
4992,35,1
4993,137,1
4995,257,1
4997,199,1
4998,228,1
4999,129,1
5000,8,1
5001,229,1
5002,229,1
5003,229,1
5005,8,1
5007,33,1
5008,8,1
5009,33,1
5010,229,1
5011,229,1
5012,191,1
5013,231,1
5014,63,1
5015,35,1
5016,9,1
5017,39,1
5018,39,1
5021,8,1
5021,231,1
5023,63,1
5025,206,1
5026,33,1
5026,231,1
5028,206,1
5029,229,1
5030,263,1
5032,80,1
5033,30,1
5033,150,1
5034,35,1
5035,83,1
5035,281,1
5036,112,1
5038,39,1
5039,163,1
5041,33,1
5041,129,1
5041,169,1
5041,171,1
5041,211,1
5041,233,1
5042,9,1
5042,204,1
5043,134,1
5044,168,1
5044,176,1
5045,62,1
5046,51,1
5046,120,1
5047,129,1
5048,229,1
5049,271,1
5051,41,1
5052,40,1
5053,35,1
5054,42,1
5054,102,1
5055,265,1
5056,30,1
5057,74,1
5058,255,1
5059,183,1
5061,97,1
5062,44,1
5063,144,1
5064,39,1
5066,206,1
5067,47,1
5067,137,1
5068,35,1
5069,69,1
5069,95,1
5070,208,1
5071,97,1
5073,97,1
5074,33,1
5075,245,1
5076,52,1
5077,35,1
5077,240,1
5078,95,1
5079,129,1
5080,192,1
5080,248,1
5081,44,1
5082,37,1
5083,125,1
5084,35,1
5085,228,1
5086,44,1
5087,136,1
5088,35,1
5089,228,1
5090,62,1
5090,101,1
5091,152,1
5091,250,1
5092,72,1
5093,277,1
5094,41,1
5095,206,1
5096,35,1
5098,236,1
5099,9,1
5099,35,1
5100,94,1
5100,150,1
5101,80,1
5102,278,1
5103,76,1
5103,135,1
5104,208,1
5105,102,1
5106,263,1
5107,228,1
5110,236,1
5111,97,1
5112,97,1
5112,128,1
5113,75,1
5115,223,1
5116,35,1
5116,255,1
5116,265,1
5118,123,1
5119,63,1
5120,73,1
5120,228,1
5121,41,1
5121,73,1
5122,30,1
5125,35,1
5126,97,1
5126,220,1
5127,218,1
5128,265,1
5129,143,1
5130,240,1
5131,144,1
5132,41,1
5133,35,1
5134,76,1
5135,35,1
5137,97,1
5137,128,1
5138,150,1
5139,236,1
5140,56,1
5141,263,1
5142,35,1
5144,5,1
5145,97,1
5146,35,1
5147,41,1
5147,102,1
5149,276,1
5150,71,1
5153,271,1
5154,71,1
5154,263,1
5155,277,1
5156,29,1
5157,3,1
5158,113,1
5159,97,1
5159,228,1
5160,206,1
5161,29,1
5162,9,1
5163,59,1
5164,263,1
5165,263,1
5166,33,1
5167,128,1
5168,125,1
5168,170,1
5169,184,1
5169,258,1
5170,35,1
5171,148,1
5172,41,1
5172,42,1
5173,226,1
5175,41,1
5176,278,1
5177,9,1
5178,275,1
5179,177,1
5180,30,1
5181,281,1
5183,29,1
5183,216,1
5185,186,1
5189,35,1
5189,208,1
5190,33,1
5191,25,1
5193,275,1
5194,8,1
5195,35,1
5196,46,1
5196,95,1
5197,35,1
5198,97,1
5199,240,1
5200,35,1
5201,55,1
5201,72,1
5205,243,1
5206,259,1
5207,5,1
5208,259,1
5209,263,1
5210,56,1
5210,218,1
5211,79,1
5211,137,1
5212,35,1
5213,259,1
5214,265,1
5215,35,1
5217,263,1
5218,160,1
5219,52,1
5220,150,1
5221,257,1
5222,35,1
5222,240,1
5223,143,1
5224,52,1
5224,160,1
5225,278,1
5226,35,1
5227,158,1
5227,259,1
5228,101,1
5229,35,1
5230,41,1
5231,97,1
5232,257,1
5233,95,1
5235,32,1
5235,257,1
5236,245,1
5238,263,1
5239,228,1
5240,204,1
5241,149,1
5242,281,1
5243,150,1
5244,97,1
5245,35,1
5246,9,1
5247,278,1
5248,228,1
5249,135,1
5250,101,1
5251,143,1
5252,25,1
5253,143,1
5254,208,1
5255,20,1
5256,95,1
5258,259,1
5260,41,1
5261,30,1
5261,94,1
5264,243,1
5266,243,1
5267,7,1
5267,46,1
5268,226,1
5269,73,1
5269,255,1
5270,82,1
5270,95,1
5271,12,1
5272,88,1
5273,62,1
5273,198,1
5274,35,1
5275,257,1
5276,97,1
5277,48,1
5277,107,1
5278,176,1
5279,97,1
5279,271,1
5280,263,1
5281,9,1
5282,243,1
5285,120,1
5285,254,1
5286,101,1
5286,241,1
5287,22,1
5287,113,1
5288,62,1
5289,115,1
5290,263,1
5291,258,1
5292,199,1
5293,71,1
5293,265,1
5294,228,1
5295,101,1
5297,191,1
5298,35,1
5299,88,1
5299,95,1
5300,84,1
5301,102,1
5302,208,1
5303,35,1
5304,35,1
5304,111,1
5305,150,1
5306,87,1
5307,33,1
5308,226,1
5309,87,1
5310,97,1
5311,35,1
5312,228,1
5313,80,1
5314,41,1
5314,68,1
5316,112,1
5318,265,1
5319,163,1
5320,41,1
5321,128,1
5322,42,1
5322,259,1
5323,97,1
5323,128,1
5324,35,1
5325,97,1
5326,125,1
5327,162,1
5329,282,1
5330,99,1
5331,236,1
5333,257,1
5335,37,1
5336,259,1
5338,35,1
5339,40,1
5341,144,1
5342,5,1
5342,226,1
5343,243,1
5344,35,1
5345,35,1
5345,69,1
5346,112,1
5347,33,1
5348,141,1
5348,173,1
5349,186,1
5349,229,1
5350,259,1
5351,33,1
5352,35,1
5353,35,1
5353,97,1
5354,143,1
5356,149,1
5356,159,1
5356,202,1
5357,63,1
5359,47,1
5360,76,1
5360,135,1
5361,278,1
5362,278,1
5364,128,1
5365,211,1
5367,35,1
5368,8,1
5368,143,1
5370,101,1
5372,33,1
5374,25,1
5375,42,1
5375,102,1
5377,137,1
5378,184,1
5379,28,1
5381,243,1
5382,164,1
5382,166,1
5383,151,1
5384,228,1
5385,70,1
5385,110,1
5385,197,1
5386,35,1
5387,228,1
5388,35,1
5389,150,1
5389,199,1
5390,41,1
5391,199,1
5392,76,1
5392,228,1
5393,173,1
5394,35,1
5395,191,1
5396,35,1
5397,159,1
5397,228,1
5398,176,1
5400,41,1
5401,76,1
5401,170,1
5402,164,1
5403,149,1
5403,159,1
5403,202,1
5404,127,1
5404,153,1
5404,191,1
5405,281,1
5407,135,1
5408,35,1
5408,69,1
5409,99,1
5409,125,1
5410,40,1
5411,243,1
5412,9,1
5413,236,1
5413,265,1
5414,144,1
5415,25,1
5416,137,1
5416,271,1
5417,125,1
5418,218,1
5419,234,1
5422,35,1
5423,243,1
5424,58,1
5425,39,1
5426,135,1
5427,97,1
5428,41,1
5429,35,1
5430,171,1
5431,35,1
5431,137,1
5432,137,1
5433,39,1
5434,8,1
5435,229,1
5437,8,1
5438,8,1
5438,33,1
5438,170,1
5439,229,1
5440,33,1
5441,229,1
5441,272,1
5442,8,1
5443,8,1
5444,33,1
5445,272,1
5446,39,1
5447,39,1
5448,8,1
5449,39,1
5450,8,1
5451,229,1
5453,227,1
5453,256,1
5454,144,1
5454,227,1
5455,204,1
5456,9,1
5456,35,1
5457,266,1
5458,238,1
5459,26,1
5459,47,1
5459,70,1
5459,110,1
5461,97,1
5461,128,1
5462,278,1
5463,206,1
5464,206,1
5465,170,1
5466,229,1
5467,229,1
5468,229,1
5469,245,1
5470,243,1
5471,129,1
5472,125,1
5473,233,1
5474,48,1
5474,66,1
5474,237,1
5474,281,1
5476,35,1
5478,80,1
5479,243,1
5480,35,1
5481,263,1
5483,275,1
5484,35,1
5485,110,1
5486,240,1
5488,41,1
5489,13,1
5490,234,1
5491,135,1
5493,58,1
5493,228,1
5494,40,1
5495,112,1
5496,263,1
5496,265,1
5497,128,1
5498,5,1
5498,226,1
5499,35,1
5500,95,1
5501,61,1
5503,35,1
5504,112,1
5505,259,1
5506,76,1
5506,170,1
5507,41,1
5508,92,1
5509,3,1
5509,74,1
5510,97,1
5511,37,1
5512,8,1
5512,33,1
5513,276,1
5515,39,1
5517,95,1
5518,35,1
5519,35,1
5521,7,1
5521,135,1
5521,151,1
5522,56,1
5522,218,1
5523,35,1
5524,35,1
5524,276,1
5526,8,1
5527,201,1
5527,245,1
5528,41,1
5529,35,1
5530,169,1
5530,213,1
5531,229,1
5533,265,1
5534,228,1
5535,208,1
5536,97,1
5537,41,1
5538,35,1
5538,63,1
5539,275,1
5540,3,1
5541,139,1
5542,33,1
5542,35,1
5543,134,1
5544,39,1
5545,35,1
5545,97,1
5546,155,1
5547,35,1
5548,58,1
5549,44,1
5549,228,1
5549,281,1
5550,209,1
5552,73,1
5552,265,1
5553,95,1
5554,47,1
5555,7,1
5556,92,1
5557,200,1
5557,207,1
5558,152,1
5559,152,1
5560,55,1
5562,55,1
5565,112,1
5567,22,1
5567,113,1
5567,263,1
5568,192,1
5569,128,1
5569,218,1
5570,121,1
5571,269,1
5572,33,1
5573,125,1
5574,201,1
5575,148,1
5575,201,1
5576,201,1
5577,221,1
5578,97,1
5578,275,1
5579,135,1
5580,139,1
5580,141,1
5582,139,1
5583,113,1
5583,241,1
5584,87,1
5585,228,1
5586,137,1
5588,97,1
5588,218,1
5589,243,1
5590,47,1
5591,171,1
5592,7,1
5595,112,1
5597,99,1
5598,33,1
5600,35,1
5601,35,1
5602,164,1
5603,3,1
5605,101,1
5606,35,1
5607,257,1
5608,271,1
5609,265,1
5610,41,1
5611,97,1
5612,63,1
5614,121,1
5615,135,1
5616,153,1
5616,210,1
5617,263,1
5618,265,1
5619,41,1
5621,143,1
5622,76,1
5623,30,1
5624,153,1
5624,213,1
5625,33,1
5627,259,1
5628,143,1
5629,280,1
5630,97,1
5631,34,1
5631,129,1
5632,101,1
5632,113,1
5633,72,1
5634,46,1
5635,72,1
5636,129,1
5637,191,1
5638,255,1
5638,266,1
5639,186,1
5640,271,1
5641,64,1
5642,199,1
5643,63,1
5644,216,1
5644,237,1
5645,78,1
5645,141,1
5645,148,1
5645,154,1
5645,245,1
5646,7,1
5646,67,1
5648,137,1
5649,35,1
5650,9,1
5652,55,1
5652,272,1
5653,236,1
5653,248,1
5654,196,1
5656,277,1
5657,35,1
5658,166,1
5658,175,1
5658,203,1
5658,213,1
